totalshoppertraffic_visitors,totalshoppertraffic_visits,digital_orders,aal_orders,eup_orders,nao_orders,nse_orders,nso_orders,nsp_orders,npp_orders,total_orders,cust_prospect_ind,visit_device_type,event_dt
360930,386027,1024,12,5,131,444,117,66,249,1500,UNDETERMINED,All Devices,3/12/19
13030,14590,291,45,213,23,6,2,1,1,345,CUSTOMER,Tablet,3/12/19
927,943,0,0,0,0,0,0,0,0,0,UNDETERMINED,Gaming Console,3/12/19
251155,284929,4879,1056,3093,569,100,31,17,13,6007,CUSTOMER,All Devices,3/12/19
161097,180050,3820,836,2454,436,57,16,13,8,4489,CUSTOMER,Desktop,3/12/19
21400,26799,90,0,0,2,72,7,4,5,147,PROSPECT,Mobile Phone,3/12/19
270573,303420,1161,181,425,155,269,65,32,34,1870,All Visitors,Mobile Phone,3/12/19
16,20,1,0,1,0,0,0,0,0,1,CUSTOMER,Gaming Console,3/12/19
352032,385427,4574,841,2459,526,380,98,45,225,5508,All Visitors,Desktop,3/12/19
3107,3658,14,0,0,2,8,1,3,0,17,PROSPECT,Tablet,3/12/19
33368,36544,374,46,213,39,40,9,17,10,449,All Visitors,Tablet,3/12/19
45624,55570,207,0,0,20,145,24,11,7,314,PROSPECT,All Devices,3/12/19
657024,726526,6110,1068,3098,720,689,172,94,269,7750,All Visitors,All Devices,3/12/19
20966,24941,103,0,0,16,65,16,4,2,151,PROSPECT,Desktop,3/12/19
163,172,0,0,0,0,0,0,0,0,0,PROSPECT,Gaming Console,3/12/19
172380,186352,304,6,0,43,160,45,25,25,532,UNDETERMINED,Mobile Phone,3/12/19
1106,1135,1,0,1,0,0,0,0,0,1,All Visitors,Gaming Console,3/12/19
170359,180436,651,5,5,74,258,66,28,215,893,UNDETERMINED,Desktop,3/12/19
77045,90269,767,175,425,110,37,13,3,4,1197,CUSTOMER,Mobile Phone,3/12/19
17273,18296,69,1,0,14,26,6,13,9,87,UNDETERMINED,Tablet,3/12/19
1605,1745,4,0,0,0,3,1,0,0,4,PROSPECT,Tablet,2/3/19
36930,40006,292,43,171,38,21,8,4,7,338,All Visitors,Tablet,2/3/19
17097,18966,62,1,1,5,44,8,2,1,87,PROSPECT,All Devices,2/3/19
452830,493225,3374,527,1815,334,425,128,43,102,4127,All Visitors,All Devices,2/3/19
6593,7259,26,1,1,3,15,4,1,1,41,PROSPECT,Desktop,2/3/19
8,10,1,0,0,0,1,0,0,0,1,PROSPECT,Gaming Console,2/3/19
189335,204526,597,89,195,80,172,40,12,9,808,UNDETERMINED,Mobile Phone,2/3/19
110,124,2,0,1,0,1,0,0,0,2,All Visitors,Gaming Console,2/3/19
143947,152214,1216,163,642,98,157,57,20,79,1521,UNDETERMINED,Desktop,2/3/19
32030,35005,294,79,155,30,14,12,1,3,358,CUSTOMER,Mobile Phone,2/3/19
29660,31627,157,25,80,19,18,7,1,7,185,UNDETERMINED,Tablet,2/3/19
363015,388478,1970,277,917,197,347,104,33,95,2509,UNDETERMINED,All Devices,2/3/19
6216,6634,131,18,91,19,0,0,3,0,150,CUSTOMER,Tablet,2/3/19
103,111,0,0,0,0,0,0,0,0,0,UNDETERMINED,Gaming Console,2/3/19
79856,85781,1342,249,897,132,34,16,8,6,1544,CUSTOMER,All Devices,2/3/19
41618,44139,916,152,650,83,20,4,4,3,1037,CUSTOMER,Desktop,2/3/19
8892,9952,31,0,0,2,25,3,1,0,41,PROSPECT,Mobile Phone,2/3/19
226302,249483,922,168,350,112,211,55,14,12,1206,All Visitors,Mobile Phone,2/3/19
3,3,1,0,1,0,0,0,0,0,1,CUSTOMER,Gaming Console,2/3/19
189542,203612,2158,316,1293,184,192,65,25,83,2596,All Visitors,Desktop,2/3/19
83629,89113,1897,409,1151,290,28,13,5,1,2149,CUSTOMER,Desktop,3/21/19
12103,13814,58,1,0,2,41,6,3,5,93,PROSPECT,Mobile Phone,3/21/19
339804,378223,1233,228,341,177,325,108,26,28,1966,All Visitors,Mobile Phone,3/21/19
5,5,0,0,0,0,0,0,0,0,0,CUSTOMER,Gaming Console,3/21/19
274311,296862,4165,903,2201,512,328,124,31,66,4826,All Visitors,Desktop,3/21/19
1,1,0,0,0,0,0,0,0,0,0,All Visitors,E-Reader,3/21/19
1451,1623,3,0,0,0,2,1,0,0,3,PROSPECT,Tablet,3/21/19
37658,40944,385,50,240,47,19,12,6,11,460,All Visitors,Tablet,3/21/19
23836,26986,110,2,0,9,71,13,6,9,160,PROSPECT,All Devices,3/21/19
653760,718205,5783,1181,2782,736,672,244,63,105,7192,All Visitors,All Devices,3/21/19
10019,11266,49,1,0,7,28,6,3,4,64,PROSPECT,Desktop,3/21/19
268,283,0,0,0,0,0,0,0,0,0,PROSPECT,Gaming Console,3/21/19
278565,302920,801,123,197,90,256,91,22,22,1329,UNDETERMINED,Mobile Phone,3/21/19
2104,2175,0,0,0,0,0,0,0,0,0,All Visitors,Gaming Console,3/21/19
185557,196483,2219,493,1050,215,272,105,23,61,2633,UNDETERMINED,Desktop,3/21/19
1,1,0,0,0,0,0,0,0,0,0,UNDETERMINED,E-Reader,3/21/19
56338,61489,374,104,144,85,28,11,1,1,571,CUSTOMER,Mobile Phone,3/21/19
29032,30947,240,31,140,28,16,10,6,9,283,UNDETERMINED,Tablet,3/21/19
494932,532238,3260,647,1387,333,544,206,51,92,4216,UNDETERMINED,All Devices,3/21/19
7882,8374,142,19,100,19,1,1,0,2,176,CUSTOMER,Tablet,3/21/19
1838,1887,0,0,0,0,0,0,0,0,0,UNDETERMINED,Gaming Console,3/21/19
147825,158981,2413,532,1395,394,57,25,6,4,2889,CUSTOMER,All Devices,3/21/19
13215,15012,81,0,0,6,58,8,4,5,113,PROSPECT,Desktop,3/7/19
125,129,0,0,0,0,0,0,0,0,0,PROSPECT,Gaming Console,3/7/19
166757,178098,513,53,146,53,175,62,9,15,954,UNDETERMINED,Mobile Phone,3/7/19
906,929,0,0,0,0,0,0,0,0,0,All Visitors,Gaming Console,3/7/19
159627,167624,1610,224,735,130,252,65,24,180,2055,UNDETERMINED,Desktop,3/7/19
52630,58311,458,108,253,63,24,5,3,2,992,CUSTOMER,Mobile Phone,3/7/19
17178,17932,106,15,59,11,10,5,4,2,134,UNDETERMINED,Tablet,3/7/19
344330,364447,2229,292,940,194,437,132,37,197,3124,UNDETERMINED,All Devices,3/7/19
7143,7693,149,22,106,13,4,4,0,0,180,CUSTOMER,Tablet,3/7/19
784,793,0,0,0,0,0,0,0,0,0,UNDETERMINED,Gaming Console,3/7/19
162285,177228,3087,658,1999,334,59,23,8,6,4230,CUSTOMER,All Devices,3/7/19
102523,111217,2480,528,1640,258,31,14,5,4,3073,CUSTOMER,Desktop,3/7/19
11771,13691,78,2,0,7,59,6,3,1,156,PROSPECT,Mobile Phone,3/7/19
227320,250100,1049,163,399,123,258,73,15,18,2072,All Visitors,Mobile Phone,3/7/19
6,7,0,0,0,0,0,0,0,0,0,CUSTOMER,Gaming Console,3/7/19
271604,293853,4171,752,2375,394,341,87,33,189,5221,All Visitors,Desktop,3/7/19
1471,1658,4,0,0,0,4,0,0,0,6,PROSPECT,Tablet,3/7/19
25405,27283,259,37,165,24,18,9,4,2,319,All Visitors,Tablet,3/7/19
26578,30490,163,2,0,13,121,14,7,6,275,PROSPECT,All Devices,3/7/19
525185,572165,5479,952,2939,541,617,169,52,209,7554,All Visitors,All Devices,3/7/19
15102,16871,303,30,230,37,5,0,1,0,358,CUSTOMER,Tablet,3/29/19
2255,2350,0,0,0,0,0,0,0,0,1,UNDETERMINED,Gaming Console,3/29/19
264358,297613,4831,1114,3008,564,98,26,9,12,5775,CUSTOMER,All Devices,3/29/19
140633,154384,3591,866,2270,381,51,10,5,8,4177,CUSTOMER,Desktop,3/29/19
21094,26251,103,3,0,6,75,11,2,6,159,PROSPECT,Mobile Phone,3/29/19
394263,440606,1500,225,508,203,363,114,41,46,2248,All Visitors,Mobile Phone,3/29/19
12,15,0,0,0,0,0,0,0,0,0,CUSTOMER,Gaming Console,3/29/19
267532,290566,4187,871,2275,471,364,84,49,73,4943,All Visitors,Desktop,3/29/19
2675,3163,7,0,0,0,5,2,0,0,9,PROSPECT,Tablet,3/29/19
41521,45406,373,32,230,49,27,9,15,11,451,All Visitors,Tablet,3/29/19
37694,45759,179,3,0,11,126,26,5,8,256,PROSPECT,All Devices,3/29/19
706084,779600,6060,1128,3013,723,754,207,105,130,7555,All Visitors,All Devices,3/29/19
13312,15688,69,0,0,5,46,13,3,2,89,PROSPECT,Desktop,3/29/19
619,657,0,0,0,0,0,0,0,0,0,PROSPECT,Gaming Console,3/29/19
264810,288012,460,4,0,51,246,87,36,36,838,UNDETERMINED,Mobile Phone,3/29/19
2886,3022,0,0,0,0,0,0,0,0,1,All Visitors,Gaming Console,3/29/19
113833,120494,527,5,5,85,267,61,41,63,690,UNDETERMINED,Desktop,3/29/19
108682,126343,937,218,508,146,42,16,3,4,1266,CUSTOMER,Mobile Phone,3/29/19
23803,25372,63,2,0,12,17,7,14,11,85,UNDETERMINED,Tablet,3/29/19
404662,436228,1050,11,5,148,530,155,91,110,1582,UNDETERMINED,All Devices,3/29/19
435,450,4,0,0,0,2,1,0,1,4,PROSPECT,Tablet,2/22/19
43525,47955,648,57,303,223,40,12,2,11,736,All Visitors,Tablet,2/22/19
6717,7063,54,0,0,5,42,2,1,4,65,PROSPECT,All Devices,2/22/19
788164,881547,13084,1065,4342,6302,894,190,70,221,14702,All Visitors,All Devices,2/22/19
3013,3156,26,0,0,2,23,0,0,1,31,PROSPECT,Desktop,2/22/19
2,2,0,0,0,0,0,0,0,0,0,PROSPECT,Gaming Console,2/22/19
350355,396328,3463,222,643,2114,345,88,24,27,4128,UNDETERMINED,Mobile Phone,2/22/19
374,395,0,0,0,0,0,0,0,0,0,All Visitors,Gaming Console,2/22/19
362604,397847,8435,721,3066,3886,456,85,41,180,9286,UNDETERMINED,Desktop,2/22/19
13225,13869,118,23,72,19,3,1,0,0,155,CUSTOMER,Mobile Phone,2/22/19
41597,45621,609,51,286,212,37,11,2,10,693,UNDETERMINED,Tablet,2/22/19
754800,840189,12507,994,3995,6212,838,184,67,217,14054,UNDETERMINED,All Devices,2/22/19
1827,1884,35,6,17,11,1,0,0,0,40,CUSTOMER,Tablet,2/22/19
373,393,0,0,0,0,0,0,0,0,0,UNDETERMINED,Gaming Console,2/22/19
33127,34295,523,71,347,85,14,4,2,0,615,CUSTOMER,All Devices,2/22/19
18078,18542,370,42,258,55,10,3,2,0,420,CUSTOMER,Desktop,2/22/19
3267,3455,24,0,0,3,17,1,1,2,30,PROSPECT,Mobile Phone,2/22/19
363480,413652,3605,245,715,2136,365,90,25,29,4304,All Visitors,Mobile Phone,2/22/19
380936,419545,8831,763,3324,3943,489,88,43,181,9720,All Visitors,Desktop,2/22/19
280586,307758,4180,454,2608,506,319,92,33,168,4895,All Visitors,Desktop,2/24/19
1,1,0,0,0,0,0,0,0,0,0,All Visitors,E-Reader,2/24/19
3368,3993,6,1,0,1,4,0,0,0,8,PROSPECT,Tablet,2/24/19
46449,51348,476,58,314,52,38,6,2,6,560,All Visitors,Tablet,2/24/19
36653,44371,128,1,1,18,81,15,4,8,174,PROSPECT,All Devices,2/24/19
679961,758671,6259,717,3619,813,667,180,60,203,7503,All Visitors,All Devices,2/24/19
14612,16993,51,0,1,6,30,7,4,3,77,PROSPECT,Desktop,2/24/19
16,19,0,0,0,0,0,0,0,0,0,PROSPECT,Gaming Console,2/24/19
243693,269076,435,7,5,112,221,58,18,14,633,UNDETERMINED,Mobile Phone,2/24/19
390,407,1,0,0,0,1,0,0,0,1,All Visitors,Gaming Console,2/24/19
152059,163347,687,14,7,171,250,63,21,161,873,UNDETERMINED,Desktop,2/24/19
1,1,0,0,0,0,0,0,0,0,0,UNDETERMINED,E-Reader,2/24/19
90549,106715,1096,198,692,132,41,16,7,10,1362,CUSTOMER,Mobile Phone,2/24/19
27062,29125,58,1,0,16,31,3,2,5,86,UNDETERMINED,Tablet,2/24/19
423118,461924,1181,22,12,299,503,124,41,180,1589,UNDETERMINED,All Devices,2/24/19
16051,18230,412,56,314,35,3,3,0,1,466,CUSTOMER,Tablet,2/24/19
361,375,1,0,0,0,1,0,0,0,1,UNDETERMINED,Gaming Console,2/24/19
220731,252376,4950,694,3606,496,83,41,15,15,5768,CUSTOMER,All Devices,2/24/19
114164,127418,3442,440,2600,329,39,22,8,4,3951,CUSTOMER,Desktop,2/24/19
18666,23366,71,0,0,11,47,8,0,5,90,PROSPECT,Mobile Phone,2/24/19
352651,399157,1602,205,697,255,309,82,25,29,2080,All Visitors,Mobile Phone,2/24/19
13,13,0,0,0,0,0,0,0,0,0,CUSTOMER,Gaming Console,2/24/19
45918,50718,444,49,227,96,32,10,15,15,517,All Visitors,Tablet,2/20/19
55877,68486,223,1,1,53,121,31,10,6,285,PROSPECT,All Devices,2/20/19
796812,894452,8041,1053,3785,1952,718,173,92,268,9289,All Visitors,All Devices,2/20/19
26020,30979,118,1,1,35,54,16,6,5,145,PROSPECT,Desktop,2/20/19
24,38,0,0,0,0,0,0,0,0,0,PROSPECT,Gaming Console,2/20/19
218535,239582,605,3,3,348,157,48,19,27,810,UNDETERMINED,Mobile Phone,2/20/19
162,195,2,0,2,0,0,0,0,0,2,All Visitors,Gaming Console,2/20/19
196671,210424,1235,6,5,607,330,51,34,202,1417,UNDETERMINED,Desktop,2/20/19
107535,129154,1250,210,757,222,35,11,5,10,1503,CUSTOMER,Mobile Phone,2/20/19
25169,26917,101,1,0,47,20,6,13,14,120,UNDETERMINED,Tablet,2/20/19
440457,477064,1941,10,8,1002,507,105,66,243,2338,UNDETERMINED,All Devices,2/20/19
16598,18843,333,48,227,46,8,3,0,1,385,CUSTOMER,Tablet,2/20/19
124,141,0,0,0,0,0,0,0,0,0,UNDETERMINED,Gaming Console,2/20/19
301569,348902,5877,1042,3776,897,90,37,16,19,6703,CUSTOMER,All Devices,2/20/19
177510,200889,4292,784,2790,629,47,23,11,8,4825,CUSTOMER,Desktop,2/20/19
25639,32511,95,0,0,15,63,14,2,1,128,PROSPECT,Mobile Phone,2/20/19
351236,401247,1950,213,760,585,255,73,26,38,2436,All Visitors,Mobile Phone,2/20/19
14,16,2,0,2,0,0,0,0,0,2,CUSTOMER,Gaming Console,2/20/19
399642,442292,5645,791,2796,1271,431,90,51,215,6373,All Visitors,Desktop,2/20/19
4206,4958,10,0,0,3,4,1,2,0,12,PROSPECT,Tablet,2/20/19
1,1,0,0,0,0,0,0,0,0,0,UNDETERMINED,E-Reader,2/25/19
78615,92559,864,179,496,123,43,10,5,8,1128,CUSTOMER,Mobile Phone,2/25/19
22099,23739,58,1,2,5,22,11,7,10,75,UNDETERMINED,Tablet,2/25/19
417711,455409,1250,16,40,97,600,149,48,300,1795,UNDETERMINED,All Devices,2/25/19
12712,14173,345,45,256,35,3,4,1,1,411,CUSTOMER,Tablet,2/25/19
755,787,0,0,0,0,0,0,0,0,1,UNDETERMINED,Gaming Console,2/25/19
249361,282362,5304,912,3642,602,86,34,16,12,6273,CUSTOMER,All Devices,2/25/19
158064,175617,4095,688,2890,444,40,20,10,3,4757,CUSTOMER,Desktop,2/25/19
15417,19229,46,0,0,1,38,2,3,2,63,PROSPECT,Mobile Phone,2/25/19
305779,347063,1265,186,502,150,323,58,17,29,1841,All Visitors,Mobile Phone,2/25/19
11,13,0,0,0,0,0,0,0,0,0,CUSTOMER,Gaming Console,2/25/19
358322,393410,5000,698,2922,519,413,123,47,278,5907,All Visitors,Desktop,2/25/19
1,1,0,0,0,0,0,0,0,0,0,All Visitors,E-Reader,2/25/19
2415,2798,4,0,0,1,1,1,1,0,4,PROSPECT,Tablet,2/25/19
37113,40710,407,46,258,41,26,16,9,11,490,All Visitors,Tablet,2/25/19
36643,44230,119,2,0,11,77,14,9,6,153,PROSPECT,All Devices,2/25/19
701911,782001,6673,930,3682,710,763,197,73,318,8183,All Visitors,All Devices,2/25/19
18804,22186,68,2,0,9,37,11,5,4,85,PROSPECT,Desktop,2/25/19
12,17,1,0,0,0,1,0,0,0,1,PROSPECT,Gaming Console,2/25/19
212441,235275,355,7,6,26,242,46,9,19,658,UNDETERMINED,Mobile Phone,2/25/19
778,817,1,0,0,0,1,0,0,0,2,All Visitors,Gaming Console,2/25/19
182449,195607,837,8,32,66,336,92,32,271,1080,UNDETERMINED,Desktop,2/25/19
48238,54800,485,144,242,64,20,6,4,5,561,CUSTOMER,Mobile Phone,2/4/19
29149,31096,179,22,89,22,26,7,9,4,213,UNDETERMINED,Tablet,2/4/19
454120,491645,2423,326,940,241,534,153,58,171,2995,UNDETERMINED,All Devices,2/4/19
7674,8307,175,31,130,12,0,2,0,0,190,CUSTOMER,Tablet,2/4/19
97,110,0,0,0,0,0,0,0,0,0,UNDETERMINED,Gaming Console,2/4/19
166224,183081,3073,775,1851,354,53,16,9,15,3410,CUSTOMER,All Devices,2/4/19
110329,119964,2413,600,1479,278,33,8,5,10,2660,CUSTOMER,Desktop,2/4/19
11000,12942,60,0,0,1,46,6,2,5,76,PROSPECT,Mobile Phone,2/4/19
267604,301804,1168,225,409,133,286,74,19,22,1467,All Visitors,Mobile Phone,2/4/19
7,10,0,0,0,0,0,0,0,0,0,CUSTOMER,Gaming Console,2/4/19
330860,362635,4104,824,2163,443,357,104,43,170,4678,All Visitors,Desktop,2/4/19
1718,1926,6,0,0,0,5,0,0,1,6,PROSPECT,Tablet,2/4/19
37896,41329,360,53,219,34,31,9,9,5,407,All Visitors,Tablet,2/4/19
26897,31177,137,1,0,15,88,18,4,11,167,PROSPECT,All Devices,2/4/19
636388,705903,5633,1102,2791,610,675,187,71,197,6545,All Visitors,All Devices,2/4/19
14170,16294,70,1,0,14,36,12,2,5,84,PROSPECT,Desktop,2/4/19
13,15,1,0,0,0,1,0,0,0,1,PROSPECT,Gaming Console,2/4/19
213592,234062,623,81,167,68,220,62,13,12,836,UNDETERMINED,Mobile Phone,2/4/19
115,135,1,0,0,0,1,0,0,0,1,All Visitors,Gaming Console,2/4/19
211332,226377,1621,223,684,151,288,84,36,155,1950,UNDETERMINED,Desktop,2/4/19
14675,16722,342,52,239,39,6,5,1,0,412,CUSTOMER,Tablet,2/17/19
123,131,0,0,0,0,0,0,0,0,0,UNDETERMINED,Gaming Console,2/17/19
199403,229374,3721,651,2531,413,73,38,8,7,4510,CUSTOMER,All Devices,2/17/19
104522,117684,2616,427,1869,250,42,19,6,3,3151,CUSTOMER,Desktop,2/17/19
19692,24795,76,0,1,1,59,12,2,1,104,PROSPECT,Mobile Phone,2/17/19
299109,340092,1086,174,424,147,237,74,18,12,1505,All Visitors,Mobile Phone,2/17/19
12,13,0,0,0,0,0,0,0,0,0,CUSTOMER,Gaming Console,2/17/19
260962,287832,3235,442,1874,282,336,112,42,147,3937,All Visitors,Desktop,2/17/19
3693,4331,7,0,0,1,4,0,1,1,10,PROSPECT,Tablet,2/17/19
43254,48002,401,53,239,45,36,16,5,7,486,All Visitors,Tablet,2/17/19
39630,48146,157,0,1,3,114,22,12,5,202,PROSPECT,All Devices,2/17/19
603395,676100,4722,669,2537,474,609,202,65,166,5892,All Visitors,All Devices,2/17/19
16230,18990,74,0,0,1,51,10,9,3,89,PROSPECT,Desktop,2/17/19
22,30,0,0,0,0,0,0,0,0,0,PROSPECT,Gaming Console,2/17/19
199485,220342,247,2,0,22,153,48,15,7,455,UNDETERMINED,Mobile Phone,2/17/19
157,174,0,0,0,0,0,0,0,0,0,All Visitors,Gaming Console,2/17/19
140452,151158,545,15,5,31,243,83,27,141,699,UNDETERMINED,Desktop,2/17/19
80231,94955,763,172,423,124,25,14,1,4,953,CUSTOMER,Mobile Phone,2/17/19
24943,26949,52,1,0,5,26,11,3,6,64,UNDETERMINED,Tablet,2/17/19
364962,398580,844,18,5,58,422,142,45,154,1204,UNDETERMINED,All Devices,2/17/19
259925,283751,3792,595,2291,302,315,91,46,152,4576,All Visitors,Desktop,3/17/19
1,1,0,0,0,0,0,0,0,0,0,All Visitors,E-Reader,3/17/19
3474,4158,11,0,0,1,7,0,1,2,12,PROSPECT,Tablet,3/17/19
37436,41258,419,64,259,35,27,9,11,14,496,All Visitors,Tablet,3/17/19
39836,48418,159,1,0,8,93,30,17,10,231,PROSPECT,All Devices,3/17/19
571953,632784,5458,853,3082,470,563,197,92,201,6776,All Visitors,All Devices,3/17/19
14915,17648,72,1,0,3,37,16,9,6,108,PROSPECT,Desktop,3/17/19
451,472,0,0,0,0,0,0,0,0,0,PROSPECT,Gaming Console,3/17/19
177973,192835,282,3,1,26,134,67,22,29,504,UNDETERMINED,Mobile Phone,3/17/19
2390,2461,0,0,0,0,0,0,0,0,0,All Visitors,Gaming Console,3/17/19
136378,144032,507,3,2,38,229,61,32,142,723,UNDETERMINED,Desktop,3/17/19
1,1,0,0,0,0,0,0,0,0,0,UNDETERMINED,E-Reader,3/17/19
73535,86338,889,191,531,103,38,16,6,4,1139,CUSTOMER,Mobile Phone,3/17/19
20290,21589,52,1,0,11,15,5,8,12,73,UNDETERMINED,Tablet,3/17/19
336549,360432,841,7,3,75,378,133,62,183,1290,UNDETERMINED,All Devices,3/17/19
13710,15511,356,63,259,23,5,4,2,0,411,CUSTOMER,Tablet,3/17/19
1926,1975,0,0,0,0,0,0,0,0,0,UNDETERMINED,Gaming Console,3/17/19
196150,223934,4458,845,3079,387,92,34,13,8,5299,CUSTOMER,All Devices,3/17/19
108924,122071,3213,591,2289,261,49,14,5,4,3764,CUSTOMER,Desktop,3/17/19
20998,26140,76,0,0,4,49,14,7,2,111,PROSPECT,Mobile Phone,3/17/19
272256,305313,1247,194,532,133,221,97,35,35,1750,All Visitors,Mobile Phone,3/17/19
13,14,0,0,0,0,0,0,0,0,0,CUSTOMER,Gaming Console,3/17/19
631231,708694,5145,796,2699,497,667,203,60,223,6305,All Visitors,All Devices,2/16/19
19629,23212,103,3,0,5,68,15,4,8,135,PROSPECT,Desktop,2/16/19
24,33,0,0,0,0,0,0,0,0,0,PROSPECT,Gaming Console,2/16/19
196988,216661,257,5,1,36,148,50,9,8,470,UNDETERMINED,Mobile Phone,2/16/19
130,148,2,0,0,0,1,0,0,1,2,All Visitors,Gaming Console,2/16/19
143518,153980,612,9,2,33,280,74,21,193,774,UNDETERMINED,Desktop,2/16/19
88728,105965,947,236,523,129,33,16,5,5,1186,CUSTOMER,Mobile Phone,2/16/19
23217,24825,49,0,0,4,28,9,5,3,66,UNDETERMINED,Tablet,2/16/19
363779,395564,920,14,3,73,457,133,35,205,1301,UNDETERMINED,All Devices,2/16/19
15588,17767,374,59,269,34,8,2,1,1,425,CUSTOMER,Tablet,2/16/19
92,98,2,0,0,0,1,0,0,1,2,UNDETERMINED,Gaming Console,2/16/19
220569,254992,4048,779,2696,414,89,43,18,9,4815,CUSTOMER,All Devices,2/16/19
116293,131243,2727,484,1904,251,48,25,12,3,3226,CUSTOMER,Desktop,2/16/19
23749,29871,64,0,0,5,46,10,2,1,86,PROSPECT,Mobile Phone,2/16/19
309146,352497,1268,241,524,170,227,76,16,14,1732,All Visitors,Mobile Phone,2/16/19
14,17,0,0,0,0,0,0,0,0,0,CUSTOMER,Gaming Console,2/16/19
279123,308435,3442,496,1906,289,396,114,37,204,4126,All Visitors,Desktop,2/16/19
4192,5022,10,0,0,0,7,2,1,0,12,PROSPECT,Tablet,2/16/19
42938,47614,433,59,269,38,43,13,7,4,503,All Visitors,Tablet,2/16/19
47579,58138,177,3,0,10,121,27,7,9,233,PROSPECT,All Devices,2/16/19
3956,4608,10,0,0,0,8,2,0,0,11,PROSPECT,Tablet,2/1/19
39403,43026,371,59,223,33,45,5,3,3,430,All Visitors,Tablet,2/1/19
46556,56093,217,0,1,8,163,25,6,14,278,PROSPECT,All Devices,2/1/19
644248,712904,5735,1149,2765,539,854,189,53,186,6918,All Visitors,All Devices,2/1/19
21987,25659,98,0,1,5,63,16,3,10,124,PROSPECT,Desktop,2/1/19
20,27,0,0,0,0,0,0,0,0,0,PROSPECT,Gaming Console,2/1/19
171096,186388,346,7,1,29,224,65,12,8,566,UNDETERMINED,Mobile Phone,2/1/19
114,140,3,2,0,1,0,0,0,0,3,All Visitors,Gaming Console,2/1/19
158023,167979,586,8,5,38,311,59,19,146,782,UNDETERMINED,Desktop,2/1/19
79575,93524,833,224,447,85,51,20,2,4,1070,CUSTOMER,Mobile Phone,2/1/19
21371,22695,40,1,0,6,26,2,2,3,67,UNDETERMINED,Tablet,2/1/19
350533,377153,972,16,6,73,561,126,33,157,1406,UNDETERMINED,All Devices,2/1/19
14111,15723,321,58,223,27,11,1,1,0,352,CUSTOMER,Tablet,2/1/19
77,91,0,0,0,0,0,0,0,0,0,UNDETERMINED,Gaming Console,2/1/19
247743,279658,4546,1133,2758,458,130,38,14,15,5274,CUSTOMER,All Devices,2/1/19
154086,170389,3389,849,2088,345,68,17,11,11,3872,CUSTOMER,Desktop,2/1/19
20600,25799,109,0,0,3,92,7,3,4,143,PROSPECT,Mobile Phone,2/1/19
271047,305711,1288,231,448,117,367,92,17,16,1773,All Visitors,Mobile Phone,2/1/19
17,22,3,2,0,1,0,0,0,0,3,CUSTOMER,Gaming Console,2/1/19
333776,364027,4073,857,2094,388,442,92,33,167,4768,All Visitors,Desktop,2/1/19
347215,374847,695,10,7,27,397,93,37,124,1081,UNDETERMINED,All Devices,2/2/19
15636,17685,372,56,274,34,4,2,0,2,418,CUSTOMER,Tablet,2/2/19
139,147,0,0,0,0,0,0,0,0,0,UNDETERMINED,Gaming Console,2/2/19
212136,242741,4288,890,2928,332,78,35,11,14,4902,CUSTOMER,All Devices,2/2/19
113781,127232,2946,592,2079,200,42,15,9,9,3347,CUSTOMER,Desktop,2/2/19
20558,25746,88,0,0,2,68,14,4,0,124,PROSPECT,Mobile Phone,2/2/19
289723,327158,1326,245,576,113,285,72,18,17,1748,All Visitors,Mobile Phone,2/2/19
13,18,0,0,0,0,0,0,0,0,0,CUSTOMER,Gaming Console,2/2/19
266785,292507,3398,599,2081,212,279,75,37,115,3982,All Visitors,Desktop,2/2/19
3923,4666,8,0,0,0,5,2,0,1,10,PROSPECT,Tablet,2/2/19
44256,48778,430,57,278,37,34,10,4,10,499,All Visitors,Tablet,2/2/19
42078,51046,171,1,0,3,123,29,11,4,234,PROSPECT,All Devices,2/2/19
600854,668634,5154,901,2935,362,598,157,59,142,6176,All Visitors,All Devices,2/2/19
17583,20608,75,1,0,1,50,13,7,3,101,PROSPECT,Desktop,2/2/19
17,26,0,0,0,0,0,0,0,0,0,PROSPECT,Gaming Console,2/2/19
186678,203606,268,3,1,13,185,40,12,14,480,UNDETERMINED,Mobile Phone,2/2/19
169,191,0,0,0,0,0,0,0,0,0,All Visitors,Gaming Console,2/2/19
135686,144667,377,6,2,11,187,47,21,103,542,UNDETERMINED,Desktop,2/2/19
82752,97806,970,242,575,98,32,18,2,3,1153,CUSTOMER,Mobile Phone,2/2/19
24742,26427,50,1,4,3,25,6,4,7,71,UNDETERMINED,Tablet,2/2/19
40190,48560,161,1,0,17,119,17,3,4,212,PROSPECT,All Devices,2/18/19
682920,763846,6217,1019,3129,786,783,179,80,241,7697,All Visitors,All Devices,2/18/19
19964,23434,74,1,0,8,52,10,2,1,101,PROSPECT,Desktop,2/18/19
17,24,1,0,0,0,1,0,0,0,1,PROSPECT,Gaming Console,2/18/19
204151,225776,338,5,4,46,185,50,25,23,598,UNDETERMINED,Mobile Phone,2/18/19
126,141,1,0,0,0,1,0,0,0,1,All Visitors,Gaming Console,2/18/19
176174,189557,797,20,29,95,367,64,31,191,1058,UNDETERMINED,Desktop,2/18/19
1,1,0,0,0,0,0,0,0,0,0,UNDETERMINED,E-Reader,2/18/19
80245,94169,815,206,397,165,34,10,1,2,1075,CUSTOMER,Mobile Phone,2/18/19
23521,25361,54,0,4,9,18,10,4,9,80,UNDETERMINED,Tablet,2/18/19
403903,440805,1189,25,37,150,570,124,60,223,1715,UNDETERMINED,All Devices,2/18/19
14472,16353,386,54,273,41,7,8,2,1,445,CUSTOMER,Tablet,2/18/19
103,110,0,0,0,0,0,0,0,0,0,UNDETERMINED,Gaming Console,2/18/19
241654,274481,4867,993,3092,619,94,38,17,14,5826,CUSTOMER,All Devices,2/18/19
146963,163952,3666,733,2422,413,53,20,14,11,4328,CUSTOMER,Desktop,2/18/19
17265,21614,81,0,0,8,63,6,1,3,104,PROSPECT,Mobile Phone,2/18/19
300448,341559,1234,211,401,219,282,66,27,28,1769,All Visitors,Mobile Phone,2/18/19
7,7,0,0,0,0,0,0,0,0,0,CUSTOMER,Gaming Console,2/18/19
341677,376943,4537,754,2451,516,472,94,47,203,5473,All Visitors,Desktop,2/18/19
1,1,0,0,0,0,0,0,0,0,0,All Visitors,E-Reader,2/18/19
2954,3488,5,0,0,1,3,1,0,0,6,PROSPECT,Tablet,2/18/19
40765,45202,445,54,277,51,28,19,6,10,529,All Visitors,Tablet,2/18/19
398737,430462,1031,16,11,81,486,149,59,229,1476,UNDETERMINED,All Devices,3/14/19
16640,18380,295,33,214,39,7,0,1,1,346,CUSTOMER,Tablet,3/14/19
1353,1376,0,0,0,0,0,0,0,0,0,UNDETERMINED,Gaming Console,3/14/19
300844,340299,5567,1622,3188,560,116,50,17,14,6520,CUSTOMER,All Devices,3/14/19
183308,204151,4342,1357,2457,409,68,31,10,10,4958,CUSTOMER,Desktop,3/14/19
19984,25201,108,0,0,4,74,19,6,5,129,PROSPECT,Mobile Phone,3/14/19
326274,368062,1373,236,519,149,305,100,31,33,1924,All Visitors,Mobile Phone,3/14/19
15,16,0,0,0,0,0,0,0,0,2,CUSTOMER,Gaming Console,3/14/19
375706,411822,5090,1369,2465,454,413,128,51,210,5938,All Visitors,Desktop,3/14/19
2847,3326,6,0,0,1,5,0,0,0,13,PROSPECT,Tablet,3/14/19
39145,42585,355,33,215,48,35,6,9,9,426,All Visitors,Tablet,3/14/19
43769,53395,220,0,0,10,151,35,15,9,280,PROSPECT,All Devices,3/14/19
742669,824156,6818,1638,3199,651,753,234,91,252,8235,All Visitors,All Devices,3/14/19
20668,24573,106,0,0,5,72,16,9,4,139,PROSPECT,Desktop,3/14/19
277,295,0,0,0,0,0,0,0,0,0,PROSPECT,Gaming Console,3/14/19
205591,225109,335,4,2,33,190,62,19,25,567,UNDETERMINED,Mobile Phone,3/14/19
1645,1687,0,0,0,0,0,0,0,0,2,All Visitors,Gaming Console,3/14/19
172120,183098,642,12,8,40,273,81,32,196,851,UNDETERMINED,Desktop,3/14/19
100942,117752,930,232,517,112,41,19,6,3,1235,CUSTOMER,Mobile Phone,3/14/19
19702,20879,54,0,1,8,23,6,8,8,68,UNDETERMINED,Tablet,3/14/19
118793,134339,3296,672,2266,268,55,18,11,6,3858,CUSTOMER,Desktop,2/9/19
23234,30026,91,0,0,3,76,10,1,1,122,PROSPECT,Mobile Phone,2/9/19
323629,367828,1399,228,610,151,300,78,21,11,1803,All Visitors,Mobile Phone,2/9/19
12,13,0,0,0,0,0,0,0,0,0,CUSTOMER,Gaming Console,2/9/19
282655,313408,3766,690,2271,297,297,65,49,97,4497,All Visitors,Desktop,2/9/19
4242,5032,10,0,0,0,8,2,0,0,12,PROSPECT,Tablet,2/9/19
46899,51744,487,73,312,54,33,8,3,4,563,All Visitors,Tablet,2/9/19
46714,58460,184,3,1,5,135,25,8,7,240,PROSPECT,All Devices,2/9/19
653226,733144,5653,991,3193,502,631,151,73,112,6814,All Visitors,All Devices,2/9/19
19224,23375,82,3,1,2,50,13,7,6,105,PROSPECT,Desktop,2/9/19
20,27,1,0,0,0,1,0,0,0,1,PROSPECT,Gaming Console,2/9/19
208904,228551,287,5,2,19,190,50,14,7,470,UNDETERMINED,Mobile Phone,2/9/19
145,164,1,0,0,0,1,0,0,0,2,All Visitors,Gaming Console,2/9/19
144951,155694,388,15,4,27,192,34,31,85,550,UNDETERMINED,Desktop,2/9/19
91830,109251,1021,223,608,129,34,18,6,3,1220,CUSTOMER,Mobile Phone,2/9/19
26137,27922,32,2,0,4,18,3,3,2,54,UNDETERMINED,Tablet,2/9/19
380060,412291,707,22,6,50,400,87,48,94,1058,UNDETERMINED,All Devices,2/9/19
16583,18790,445,71,312,50,7,3,0,2,497,CUSTOMER,Tablet,2/9/19
113,124,0,0,0,0,0,0,0,0,1,UNDETERMINED,Gaming Console,2/9/19
227168,262393,4762,966,3186,447,96,39,17,11,5558,CUSTOMER,All Devices,2/9/19
16977,20191,122,0,1,19,72,13,7,10,159,PROSPECT,Desktop,3/26/19
530,561,0,0,0,0,0,0,0,0,0,PROSPECT,Gaming Console,3/26/19
224407,243537,457,15,6,69,230,73,33,31,772,UNDETERMINED,Mobile Phone,3/26/19
2189,2278,1,0,1,0,0,0,0,0,1,All Visitors,Gaming Console,3/26/19
121250,127900,716,16,65,142,288,92,38,75,939,UNDETERMINED,Desktop,3/26/19
94023,109688,781,225,337,161,37,14,1,6,1128,CUSTOMER,Mobile Phone,3/26/19
20906,22269,94,6,7,19,26,4,14,18,116,UNDETERMINED,Tablet,3/26/19
368183,395408,1267,37,78,230,544,169,85,124,1804,UNDETERMINED,All Devices,3/26/19
13932,15515,296,52,210,24,7,0,2,1,352,CUSTOMER,Tablet,3/26/19
1651,1702,0,0,0,0,0,0,0,0,0,UNDETERMINED,Gaming Console,3/26/19
242763,273971,4744,1107,2868,624,85,36,10,14,5716,CUSTOMER,All Devices,3/26/19
134847,148753,3666,830,2320,439,41,22,7,7,4256,CUSTOMER,Desktop,3/26/19
26284,32649,107,2,0,8,77,17,1,2,162,PROSPECT,Mobile Phone,3/26/19
342637,385874,1345,242,343,238,344,104,35,39,2050,All Visitors,Mobile Phone,3/26/19
14,15,1,0,1,0,0,0,0,0,1,CUSTOMER,Gaming Console,3/26/19
272253,296844,4504,846,2386,600,401,127,52,92,5337,All Visitors,Desktop,3/26/19
3336,3925,18,0,0,5,9,3,1,0,27,PROSPECT,Tablet,3/26/19
37953,41709,408,58,217,48,42,7,17,19,495,All Visitors,Tablet,3/26/19
47120,57326,247,2,1,32,158,33,9,12,346,PROSPECT,All Devices,3/26/19
654935,726705,6258,1146,2947,886,787,238,104,150,7797,All Visitors,All Devices,3/26/19
3156,3687,5,0,0,3,1,0,0,1,6,PROSPECT,Tablet,3/13/19
36165,39487,359,49,240,36,19,4,4,7,425,All Visitors,Tablet,3/13/19
47035,57352,180,2,1,21,116,17,11,12,264,PROSPECT,All Devices,3/13/19
693097,769088,6563,1180,3617,715,513,164,75,299,8121,All Visitors,All Devices,3/13/19
21701,25931,98,1,1,15,63,5,4,9,134,PROSPECT,Desktop,3/13/19
232,244,0,0,0,0,0,0,0,0,0,PROSPECT,Gaming Console,3/13/19
175752,190953,238,3,0,25,121,38,21,30,474,UNDETERMINED,Mobile Phone,3/13/19
1417,1452,0,0,0,0,0,0,0,0,0,All Visitors,Gaming Console,3/13/19
167040,177631,624,17,14,54,192,78,27,242,864,UNDETERMINED,Desktop,3/13/19
99062,115260,1013,193,662,104,34,13,2,5,1350,CUSTOMER,Mobile Phone,3/13/19
18732,19873,32,1,0,2,16,3,4,6,50,UNDETERMINED,Tablet,3/13/19
362682,389656,894,21,14,81,329,119,52,278,1375,UNDETERMINED,All Devices,3/13/19
14354,15927,322,48,240,31,2,1,0,0,369,CUSTOMER,Tablet,3/13/19
1177,1199,0,0,0,0,0,0,0,0,0,UNDETERMINED,Gaming Console,3/13/19
284791,322080,5489,1157,3602,613,68,28,12,9,6536,CUSTOMER,All Devices,3/13/19
171423,190884,4154,916,2700,478,32,14,10,4,4840,CUSTOMER,Desktop,3/13/19
21951,27490,77,1,0,3,52,12,7,2,125,PROSPECT,Mobile Phone,3/13/19
296098,333703,1328,197,662,132,207,63,30,37,1944,All Visitors,Mobile Phone,3/13/19
8,9,0,0,0,0,0,0,0,0,0,CUSTOMER,Gaming Console,3/13/19
359499,394446,4876,934,2715,547,287,97,41,255,5813,All Visitors,Desktop,3/13/19
447364,483884,1245,7,15,185,607,132,71,228,1672,UNDETERMINED,All Devices,2/21/19
16735,18752,362,47,265,39,6,4,0,1,414,CUSTOMER,Tablet,2/21/19
197,207,0,0,0,0,0,0,0,0,0,UNDETERMINED,Gaming Console,2/21/19
327615,377952,6812,1089,4880,632,126,49,15,21,7818,CUSTOMER,All Devices,2/21/19
196099,221509,5207,839,3790,447,78,29,11,13,5880,CUSTOMER,Desktop,2/21/19
28860,37319,133,0,0,5,104,13,6,5,169,PROSPECT,Mobile Phone,2/21/19
374096,427797,1779,207,830,220,368,82,35,37,2345,All Visitors,Mobile Phone,2/21/19
13,14,0,0,0,0,0,0,0,0,0,CUSTOMER,Gaming Console,2/21/19
417357,462062,6112,843,3799,571,518,117,53,211,6996,All Visitors,Desktop,2/21/19
4401,5206,5,0,0,1,4,0,0,0,6,PROSPECT,Tablet,2/21/19
43744,48182,421,47,266,48,30,8,9,13,499,All Visitors,Tablet,2/21/19
61352,76456,255,1,0,22,183,26,11,12,329,PROSPECT,All Devices,2/21/19
835134,938292,8312,1097,4895,839,916,207,97,261,9771,All Visitors,All Devices,2/21/19
28100,33901,117,1,0,16,75,13,5,7,155,PROSPECT,Desktop,2/21/19
20,30,0,0,0,0,0,0,0,0,0,PROSPECT,Gaming Console,2/21/19
230827,252801,403,4,5,69,222,53,25,25,636,UNDETERMINED,Mobile Phone,2/21/19
230,251,0,0,0,0,0,0,0,0,0,All Visitors,Gaming Console,2/21/19
193744,206652,788,3,9,108,365,75,37,191,975,UNDETERMINED,Desktop,2/21/19
114936,137677,1243,203,825,146,42,16,4,7,1547,CUSTOMER,Mobile Phone,2/21/19
22683,24224,54,0,1,8,20,4,9,12,79,UNDETERMINED,Tablet,2/21/19
73321,86349,745,178,416,103,26,14,5,3,1106,CUSTOMER,Mobile Phone,3/18/19
15693,16791,44,1,0,10,11,3,10,9,56,UNDETERMINED,Tablet,3/18/19
322119,347063,945,15,2,122,367,152,69,218,1395,UNDETERMINED,All Devices,3/18/19
12733,14327,317,48,227,32,7,0,2,1,361,CUSTOMER,Tablet,3/18/19
1051,1082,0,0,0,0,0,0,0,0,0,UNDETERMINED,Gaming Console,3/18/19
248378,282602,5008,1122,3182,561,76,30,21,16,6100,CUSTOMER,All Devices,3/18/19
162348,181915,3946,896,2539,426,43,16,14,12,4654,CUSTOMER,Desktop,3/18/19
20810,26202,80,1,0,2,54,14,5,4,121,PROSPECT,Mobile Phone,3/18/19
239185,271431,1108,184,416,152,199,81,36,40,1717,All Visitors,Mobile Phone,3/18/19
11,11,0,0,0,0,0,0,0,0,0,CUSTOMER,Gaming Console,3/18/19
343875,378029,4660,907,2542,504,333,127,54,193,5621,All Visitors,Desktop,3/18/19
3215,3761,3,0,0,0,1,2,0,0,3,PROSPECT,Tablet,3/18/19
31610,34879,364,49,227,42,19,5,12,10,420,All Visitors,Tablet,3/18/19
46104,56179,179,3,1,15,108,31,12,9,255,PROSPECT,All Devices,3/18/19
616042,685844,6132,1140,3185,698,551,213,102,243,7696,All Visitors,All Devices,3/18/19
21709,25804,96,2,1,13,53,15,7,5,131,PROSPECT,Desktop,3/18/19
382,412,0,0,0,0,0,0,0,0,0,PROSPECT,Gaming Console,3/18/19
145262,158880,283,5,0,47,119,53,26,33,492,UNDETERMINED,Mobile Phone,3/18/19
1444,1505,0,0,0,0,0,0,0,0,0,All Visitors,Gaming Console,3/18/19
160134,170310,618,9,2,65,237,96,33,176,857,UNDETERMINED,Desktop,3/18/19
31503,39047,136,2,1,9,94,22,6,2,201,PROSPECT,All Devices,3/9/19
559375,630101,5877,926,3270,601,615,214,55,196,7411,All Visitors,All Devices,3/9/19
11646,14052,53,1,1,4,32,9,5,1,88,PROSPECT,Desktop,3/9/19
23,26,1,0,0,0,1,0,0,0,1,PROSPECT,Gaming Console,3/9/19
172370,191151,300,5,1,33,167,69,13,12,602,UNDETERMINED,Mobile Phone,3/9/19
166,185,1,0,0,0,1,0,0,0,1,All Visitors,Gaming Console,3/9/19
116158,125687,586,17,7,45,242,85,22,168,786,UNDETERMINED,Desktop,3/9/19
1,1,0,0,0,0,0,0,0,0,0,UNDETERMINED,E-Reader,3/9/19
84348,99585,902,203,541,111,34,6,4,3,1267,CUSTOMER,Mobile Phone,3/9/19
19680,21301,49,0,0,8,25,7,3,6,73,UNDETERMINED,Tablet,3/9/19
308319,338277,935,22,8,86,434,161,38,186,1446,UNDETERMINED,All Devices,3/9/19
15535,17653,431,65,306,46,10,3,1,0,501,CUSTOMER,Tablet,3/9/19
124,137,0,0,0,0,0,0,0,0,0,UNDETERMINED,Gaming Console,3/9/19
220092,252777,4806,902,3261,506,87,31,11,8,5807,CUSTOMER,All Devices,3/9/19
120220,135517,3473,634,2414,349,43,22,6,5,4066,CUSTOMER,Desktop,3/9/19
17262,21911,80,1,0,4,60,13,1,1,109,PROSPECT,Mobile Phone,3/9/19
273767,312647,1282,209,542,148,261,88,18,16,1972,All Visitors,Mobile Phone,3/9/19
19,22,0,0,0,0,0,0,0,0,0,CUSTOMER,Gaming Console,3/9/19
247745,275256,4112,652,2422,398,317,116,33,174,4929,All Visitors,Desktop,3/9/19
1,1,0,0,0,0,0,0,0,0,0,All Visitors,E-Reader,3/9/19
2576,3058,2,0,0,1,1,0,0,0,3,PROSPECT,Tablet,3/9/19
37745,42012,482,65,306,55,36,10,4,6,576,All Visitors,Tablet,3/9/19
18,23,0,0,0,0,0,0,0,0,0,PROSPECT,Gaming Console,2/12/19
183123,199422,251,2,3,25,145,53,9,14,405,UNDETERMINED,Mobile Phone,2/12/19
127,139,0,0,0,0,0,0,0,0,0,All Visitors,Gaming Console,2/12/19
160759,171526,564,7,1,48,267,57,24,160,737,UNDETERMINED,Desktop,2/12/19
1,1,0,0,0,0,0,0,0,0,0,UNDETERMINED,E-Reader,2/12/19
88257,103420,810,198,418,138,34,16,2,4,1014,CUSTOMER,Mobile Phone,2/12/19
22769,24256,42,0,0,2,21,4,6,9,58,UNDETERMINED,Tablet,2/12/19
366730,395315,857,9,4,75,433,114,39,183,1192,UNDETERMINED,All Devices,2/12/19
14246,15983,272,44,198,22,5,3,0,0,333,CUSTOMER,Tablet,2/12/19
103,110,0,0,0,0,0,0,0,0,0,UNDETERMINED,Gaming Console,2/12/19
247234,280877,4993,1266,3004,563,102,39,12,7,5806,CUSTOMER,All Devices,2/12/19
144775,161468,3911,1024,2388,403,63,20,10,3,4470,CUSTOMER,Desktop,2/12/19
21891,27606,91,0,0,6,68,10,5,2,128,PROSPECT,Mobile Phone,2/12/19
293015,330448,1152,200,421,169,247,79,16,20,1540,All Visitors,Mobile Phone,2/12/19
6,6,0,0,0,0,0,0,0,0,0,CUSTOMER,Gaming Console,2/12/19
327723,359790,4571,1031,2389,455,389,94,40,173,5320,All Visitors,Desktop,2/12/19
1,1,0,0,0,0,0,0,0,0,0,All Visitors,E-Reader,2/12/19
4297,5079,6,0,0,0,5,1,0,0,6,PROSPECT,Tablet,2/12/19
41268,45318,320,44,198,24,31,8,6,9,397,All Visitors,Tablet,2/12/19
48698,59504,193,0,0,10,132,28,11,12,254,PROSPECT,All Devices,2/12/19
662052,735696,6043,1275,3008,648,667,181,62,202,7215,All Visitors,All Devices,2/12/19
22499,26796,96,0,0,4,59,17,6,10,121,PROSPECT,Desktop,2/12/19
25279,27356,53,0,1,6,33,7,2,4,73,UNDETERMINED,Tablet,2/23/19
408531,447360,1000,11,19,112,497,120,50,191,1447,UNDETERMINED,All Devices,2/23/19
16956,19200,491,74,375,31,9,2,0,0,580,CUSTOMER,Tablet,2/23/19
443,456,0,0,0,0,0,0,0,0,0,UNDETERMINED,Gaming Console,2/23/19
241395,278354,5275,856,3855,402,111,31,9,11,6206,CUSTOMER,All Devices,2/23/19
123318,139079,3552,543,2693,239,47,18,7,5,4137,CUSTOMER,Desktop,2/23/19
20276,25725,84,1,0,5,57,9,5,7,103,PROSPECT,Mobile Phone,2/23/19
355269,405125,1670,246,792,178,318,81,25,30,2212,All Visitors,Mobile Phone,2/23/19
10,12,0,0,0,0,0,0,0,0,0,CUSTOMER,Gaming Console,2/23/19
288142,318398,4224,548,2708,314,348,80,45,181,4984,All Visitors,Desktop,2/23/19
1,1,0,0,0,0,0,0,0,0,0,All Visitors,E-Reader,2/23/19
3512,4198,10,0,0,0,8,1,1,0,11,PROSPECT,Tablet,2/23/19
45713,50754,554,74,376,37,50,10,3,4,664,All Visitors,Tablet,2/23/19
40003,49048,173,1,2,15,108,20,14,13,205,PROSPECT,All Devices,2/23/19
689473,774762,6448,868,3876,529,716,171,73,215,7823,All Visitors,All Devices,2/23/19
16210,19109,79,0,2,10,43,10,8,6,91,PROSPECT,Desktop,2/23/19
13,16,0,0,0,0,0,0,0,0,0,PROSPECT,Gaming Console,2/23/19
234022,259337,354,6,5,41,206,61,18,17,613,UNDETERMINED,Mobile Phone,2/23/19
466,484,0,0,0,0,0,0,0,0,0,All Visitors,Gaming Console,2/23/19
148827,160210,593,5,13,65,258,52,30,170,770,UNDETERMINED,Desktop,2/23/19
1,1,0,0,0,0,0,0,0,0,0,UNDETERMINED,E-Reader,2/23/19
101177,120063,1232,239,787,132,55,11,2,6,1502,CUSTOMER,Mobile Phone,2/23/19
1103,1131,0,0,0,0,0,0,0,0,0,UNDETERMINED,Gaming Console,3/6/19
254899,291554,5939,1078,4012,642,122,53,15,17,8298,CUSTOMER,All Devices,3/6/19
160509,180142,4624,852,3177,483,59,31,12,10,5900,CUSTOMER,Desktop,3/6/19
21817,27277,124,1,0,11,93,5,6,8,251,PROSPECT,Mobile Phone,3/6/19
258675,293370,1373,186,559,163,331,76,25,33,2956,All Visitors,Mobile Phone,3/6/19
13,17,1,0,0,0,1,0,0,0,1,CUSTOMER,Gaming Console,3/6/19
336311,369914,5517,861,3182,550,494,139,53,238,7206,All Visitors,Desktop,3/6/19
3076,3600,11,0,0,1,5,4,1,0,17,PROSPECT,Tablet,3/6/19
34235,37640,439,45,278,45,53,11,5,2,551,All Visitors,Tablet,3/6/19
46681,56820,272,3,0,26,184,33,12,14,466,PROSPECT,All Devices,3/6/19
630434,702263,7331,1092,4019,758,880,226,83,273,10599,All Visitors,All Devices,3/6/19
21619,25752,136,2,0,14,85,24,5,6,197,PROSPECT,Desktop,3/6/19
182,191,1,0,0,0,1,0,0,0,1,PROSPECT,Gaming Console,3/6/19
156066,169805,316,3,1,32,192,53,17,18,738,UNDETERMINED,Mobile Phone,3/6/19
1298,1339,2,0,0,0,2,0,0,0,2,All Visitors,Gaming Console,3/6/19
154545,164020,757,7,5,53,350,84,36,222,1123,UNDETERMINED,Desktop,3/6/19
81075,96288,933,182,558,120,46,18,2,7,1985,CUSTOMER,Mobile Phone,3/6/19
17846,18933,47,1,1,5,32,3,3,2,72,UNDETERMINED,Tablet,3/6/19
329541,353889,1120,11,7,90,574,140,56,242,1917,UNDETERMINED,All Devices,3/6/19
13354,15107,381,44,277,39,16,4,1,0,462,CUSTOMER,Tablet,3/6/19
353950,383740,918,10,12,149,403,154,69,121,1389,UNDETERMINED,All Devices,3/31/19
16201,18384,409,61,284,52,7,3,2,0,466,CUSTOMER,Tablet,3/31/19
2313,2383,0,0,0,0,0,0,0,0,1,UNDETERMINED,Gaming Console,3/31/19
207878,236387,4372,712,3023,487,97,33,14,6,5269,CUSTOMER,All Devices,3/31/19
96786,106271,2983,429,2182,297,50,15,6,4,3538,CUSTOMER,Desktop,3/31/19
24417,30348,80,2,0,3,52,13,4,6,110,PROSPECT,Mobile Phone,3/31/19
361985,407915,1480,226,558,209,287,114,33,53,2094,All Visitors,Mobile Phone,3/31/19
19,20,0,0,0,0,0,0,0,0,0,CUSTOMER,Gaming Console,3/31/19
192688,209097,3460,438,2190,362,282,85,43,60,4185,All Visitors,Desktop,3/31/19
3235,3899,7,0,0,1,4,1,0,1,7,PROSPECT,Tablet,3/31/19
42149,46913,507,63,287,75,31,11,14,26,605,All Visitors,Tablet,3/31/19
38603,47083,157,5,0,10,100,23,7,12,213,PROSPECT,All Devices,3/31/19
599866,667210,5447,727,3035,646,600,210,90,139,6822,All Visitors,All Devices,3/31/19
10148,11954,70,3,0,6,44,9,3,5,96,PROSPECT,Desktop,3/31/19
813,882,0,0,0,0,0,0,0,0,0,PROSPECT,Gaming Console,3/31/19
242940,265855,420,2,1,68,195,86,23,45,704,UNDETERMINED,Mobile Phone,3/31/19
3145,3285,0,0,0,0,0,0,0,0,1,All Visitors,Gaming Console,3/31/19
85958,90872,407,6,8,59,188,61,34,51,560,UNDETERMINED,Desktop,3/31/19
94933,111712,980,222,557,138,40,15,6,2,1288,CUSTOMER,Mobile Phone,3/31/19
22765,24630,91,2,3,22,20,7,12,25,132,UNDETERMINED,Tablet,3/31/19
179007,193299,571,12,3,32,291,59,19,155,782,UNDETERMINED,Desktop,2/8/19
1,1,0,0,0,0,0,0,0,0,0,UNDETERMINED,E-Reader,2/8/19
85898,101310,893,232,488,119,43,7,3,1,1121,CUSTOMER,Mobile Phone,2/8/19
25157,26887,41,1,2,1,26,4,1,6,53,UNDETERMINED,Tablet,2/8/19
418994,457154,973,19,12,59,566,116,31,170,1425,UNDETERMINED,All Devices,2/8/19
14291,15996,309,56,217,28,3,2,1,2,360,CUSTOMER,Tablet,2/8/19
115,128,1,0,0,0,0,0,0,1,1,UNDETERMINED,Gaming Console,2/8/19
253703,289032,4936,1204,3067,512,100,29,12,12,5760,CUSTOMER,All Devices,2/8/19
153558,171710,3734,916,2362,365,54,20,8,9,4289,CUSTOMER,Desktop,2/8/19
16263,20557,98,0,1,0,86,7,1,3,129,PROSPECT,Mobile Phone,2/8/19
316687,358706,1351,238,496,145,378,67,15,12,1846,All Visitors,Mobile Phone,2/8/19
14,16,0,0,0,0,0,0,0,0,0,CUSTOMER,Gaming Console,2/8/19
351938,388345,4377,929,2365,402,393,84,31,173,5153,All Visitors,Desktop,2/8/19
1,1,0,0,0,0,0,0,0,0,0,All Visitors,E-Reader,2/8/19
2802,3265,8,0,0,0,5,1,0,2,9,PROSPECT,Tablet,2/8/19
42214,46148,358,57,219,29,34,7,2,10,422,All Visitors,Tablet,2/8/19
38714,47178,179,1,1,5,140,13,5,14,234,PROSPECT,All Devices,2/8/19
710880,793364,6088,1224,3080,576,806,158,48,196,7371,All Visitors,All Devices,2/8/19
19641,23336,72,1,0,5,48,5,4,9,96,PROSPECT,Desktop,2/8/19
16,20,1,0,0,0,1,0,0,0,3,PROSPECT,Gaming Console,2/8/19
214753,236839,360,6,7,26,249,53,11,8,606,UNDETERMINED,Mobile Phone,2/8/19
145,164,2,0,0,0,1,0,0,1,4,All Visitors,Gaming Console,2/8/19
553,587,0,0,0,0,0,0,0,0,0,PROSPECT,Gaming Console,3/24/19
223721,242986,317,3,1,43,155,79,21,15,550,UNDETERMINED,Mobile Phone,3/24/19
2360,2447,0,0,0,0,0,0,0,0,0,All Visitors,Gaming Console,3/24/19
79655,83632,316,5,3,34,171,51,24,28,447,UNDETERMINED,Desktop,3/24/19
92998,109582,825,203,440,133,29,14,2,4,1115,CUSTOMER,Mobile Phone,3/24/19
23377,24925,61,2,1,7,25,5,8,13,77,UNDETERMINED,Tablet,3/24/19
328524,353388,694,10,5,84,351,135,53,56,1062,UNDETERMINED,All Devices,3/24/19
15487,17459,414,55,316,35,2,4,2,0,468,CUSTOMER,Tablet,3/24/19
1793,1845,0,0,0,0,0,0,0,0,0,UNDETERMINED,Gaming Console,3/24/19
195413,222825,3995,659,2814,405,64,33,11,9,4781,CUSTOMER,All Devices,3/24/19
86970,95769,2756,401,2058,237,33,15,7,5,3224,CUSTOMER,Desktop,3/24/19
28092,34979,112,1,0,15,73,16,5,2,158,PROSPECT,Mobile Phone,3/24/19
344488,387547,1254,207,441,191,257,109,28,21,1819,All Visitors,Mobile Phone,3/24/19
15,15,0,0,0,0,0,0,0,0,0,CUSTOMER,Gaming Console,3/24/19
177927,192794,3136,408,2062,277,241,74,36,38,3747,All Visitors,Desktop,3/24/19
3773,4465,8,0,0,0,8,0,0,0,11,PROSPECT,Tablet,3/24/19
42587,46849,483,57,317,42,35,9,10,13,555,All Visitors,Tablet,3/24/19
43913,53424,184,3,1,21,118,24,10,7,249,PROSPECT,All Devices,3/24/19
567274,629637,4873,672,2820,510,533,192,74,72,6063,All Visitors,All Devices,3/24/19
11502,13393,64,2,1,6,37,8,5,5,81,PROSPECT,Desktop,3/24/19
83,98,0,0,0,0,0,0,0,0,0,PROSPECT,Gaming Console,3/3/19
169495,185944,340,5,1,44,211,55,14,10,593,UNDETERMINED,Mobile Phone,3/3/19
721,761,0,0,0,0,0,0,0,0,0,All Visitors,Gaming Console,3/3/19
124930,133442,588,7,6,46,268,65,34,162,765,UNDETERMINED,Desktop,3/3/19
86839,102734,1196,252,728,144,51,15,3,3,1506,CUSTOMER,Mobile Phone,3/3/19
19324,20784,47,2,1,4,25,8,3,4,62,UNDETERMINED,Tablet,3/3/19
314355,340820,975,14,8,94,504,128,51,176,1409,UNDETERMINED,All Devices,3/3/19
16062,18209,467,57,342,55,11,2,0,0,542,CUSTOMER,Tablet,3/3/19
626,650,0,0,0,0,0,0,0,0,0,UNDETERMINED,Gaming Console,3/3/19
226742,259607,5560,842,4014,525,124,34,9,12,6598,CUSTOMER,All Devices,3/3/19
123865,138651,3897,533,2944,326,62,17,6,9,4561,CUSTOMER,Desktop,3/3/19
23754,30025,107,0,0,6,85,11,3,2,145,PROSPECT,Mobile Phone,3/3/19
279805,318703,1643,257,729,194,347,81,20,15,2228,All Visitors,Mobile Phone,3/3/19
12,13,0,0,0,0,0,0,0,0,0,CUSTOMER,Gaming Console,3/3/19
265106,291922,4580,544,2950,378,391,98,45,174,5443,All Visitors,Desktop,3/3/19
3524,4219,10,0,0,1,5,3,0,1,15,PROSPECT,Tablet,3/3/19
38869,43212,524,59,343,60,41,13,3,5,619,All Visitors,Tablet,3/3/19
43986,54171,212,4,0,13,151,30,8,6,285,PROSPECT,All Devices,3/3/19
584435,654598,6747,860,4022,632,779,192,68,194,8249,All Visitors,All Devices,3/3/19
16631,19829,95,4,0,6,61,16,5,3,126,PROSPECT,Desktop,3/3/19
207942,226780,249,4,1,11,179,37,9,8,408,UNDETERMINED,Mobile Phone,2/10/19
263,283,1,0,1,0,0,0,0,0,1,All Visitors,Gaming Console,2/10/19
140591,150142,353,5,4,28,194,34,20,68,538,UNDETERMINED,Desktop,2/10/19
86474,102659,871,212,480,133,31,11,3,1,1093,CUSTOMER,Mobile Phone,2/10/19
25654,27494,47,1,1,3,27,5,4,6,56,UNDETERMINED,Tablet,2/10/19
374400,404666,649,10,6,42,400,76,33,82,995,UNDETERMINED,All Devices,2/10/19
16178,18365,405,68,285,46,5,1,0,0,445,CUSTOMER,Tablet,2/10/19
236,250,0,0,0,0,0,0,0,0,0,UNDETERMINED,Gaming Console,2/10/19
216276,248415,4187,843,2762,441,88,30,11,12,4952,CUSTOMER,All Devices,2/10/19
113659,127376,2910,563,1996,262,52,18,8,11,3425,CUSTOMER,Desktop,2/10/19
24476,31444,87,1,0,6,64,9,4,3,123,PROSPECT,Mobile Phone,2/10/19
318592,360883,1207,217,481,150,274,57,16,12,1620,All Visitors,Mobile Phone,2/10/19
10,15,1,0,1,0,0,0,0,0,1,CUSTOMER,Gaming Console,2/10/19
272816,300322,3349,570,2001,295,302,59,37,85,4071,All Visitors,Desktop,2/10/19
4433,5278,8,0,0,0,6,0,2,0,13,PROSPECT,Tablet,2/10/19
46218,51137,460,69,286,49,38,6,6,6,514,All Visitors,Tablet,2/10/19
47784,59544,181,3,1,11,126,16,15,9,259,PROSPECT,All Devices,2/10/19
637810,712625,5017,856,2769,494,614,122,59,103,6173,All Visitors,All Devices,2/10/19
18867,22804,86,2,1,5,56,7,9,6,123,PROSPECT,Desktop,2/10/19
17,18,0,0,0,0,0,0,0,0,0,PROSPECT,Gaming Console,2/10/19
43226,53171,234,1,0,15,159,29,17,13,360,PROSPECT,All Devices,3/11/19
629173,717648,6393,1178,3220,667,763,199,66,300,8332,All Visitors,All Devices,3/11/19
19228,23223,123,1,0,13,76,14,14,5,173,PROSPECT,Desktop,3/11/19
33,37,0,0,0,0,0,0,0,0,0,PROSPECT,Gaming Console,3/11/19
162171,176257,290,4,1,28,172,50,13,22,606,UNDETERMINED,Mobile Phone,3/11/19
108,119,2,0,0,0,2,0,0,0,2,All Visitors,Gaming Console,3/11/19
151662,179689,705,6,8,45,302,73,22,249,976,UNDETERMINED,Desktop,3/11/19
78720,92890,809,193,425,125,39,18,5,4,1314,CUSTOMER,Mobile Phone,3/11/19
17411,18482,36,0,0,1,22,4,3,6,52,UNDETERMINED,Tablet,3/11/19
331293,374496,1033,10,9,74,498,127,38,277,1626,UNDETERMINED,All Devices,3/11/19
13290,14864,326,61,226,31,5,2,1,0,383,CUSTOMER,Tablet,3/11/19
64,68,2,0,0,0,2,0,0,0,2,UNDETERMINED,Gaming Console,3/11/19
255289,289981,5126,1167,3211,578,106,43,11,10,6416,CUSTOMER,All Devices,3/11/19
163301,182213,3991,913,2560,422,62,23,5,6,4753,CUSTOMER,Desktop,3/11/19
21013,26412,102,0,0,2,79,12,3,6,175,PROSPECT,Mobile Phone,3/11/19
261686,295559,1201,197,426,155,290,80,21,32,2083,All Visitors,Mobile Phone,3/11/19
11,14,0,0,0,0,0,0,0,0,0,CUSTOMER,Gaming Console,3/11/19
333815,385125,4819,920,2568,480,440,110,41,260,5880,All Visitors,Desktop,3/11/19
2957,3499,9,0,0,0,4,3,0,2,12,PROSPECT,Tablet,3/11/19
33620,36845,371,61,226,32,31,9,4,8,447,All Visitors,Tablet,3/11/19
331029,362763,4196,835,2215,512,367,103,49,115,4776,All Visitors,Desktop,2/5/19
2844,3340,4,0,0,0,1,3,0,0,4,PROSPECT,Tablet,2/5/19
37627,41095,352,49,206,55,26,8,4,4,414,All Visitors,Tablet,2/5/19
38005,45468,164,1,0,10,106,28,10,9,207,PROSPECT,All Devices,2/5/19
638629,707834,5693,1098,2778,777,657,177,69,137,6699,All Visitors,All Devices,2/5/19
18790,22025,82,0,0,5,52,13,8,4,101,PROSPECT,Desktop,2/5/19
17,21,0,0,0,0,0,0,0,0,0,PROSPECT,Gaming Console,2/5/19
176346,193107,272,2,2,35,164,46,11,12,450,UNDETERMINED,Mobile Phone,2/5/19
111,125,0,0,0,0,0,0,0,0,0,All Visitors,Gaming Console,2/5/19
160267,171708,556,10,4,75,257,71,34,105,710,UNDETERMINED,Desktop,2/5/19
77440,90662,795,211,355,170,47,8,3,1,983,CUSTOMER,Mobile Phone,2/5/19
21429,22860,41,1,2,9,19,4,3,3,62,UNDETERMINED,Tablet,2/5/19
358095,387770,869,13,8,119,440,121,48,120,1219,UNDETERMINED,All Devices,2/5/19
13388,14895,307,48,204,46,6,1,1,1,348,CUSTOMER,Tablet,2/5/19
85,95,0,0,0,0,0,0,0,0,0,UNDETERMINED,Gaming Console,2/5/19
243011,274596,4660,1084,2770,648,111,28,11,8,5294,CUSTOMER,All Devices,2/5/19
152234,169030,3558,825,2211,432,58,19,7,6,3971,CUSTOMER,Desktop,2/5/19
16361,20082,78,1,0,5,53,12,2,5,102,PROSPECT,Mobile Phone,2/5/19
269962,303851,1145,214,357,210,264,66,16,18,1531,All Visitors,Mobile Phone,2/5/19
9,9,0,0,0,0,0,0,0,0,0,CUSTOMER,Gaming Console,2/5/19
1,1,0,0,0,0,0,0,0,0,0,UNDETERMINED,E-Reader,3/16/19
79729,94121,936,195,610,90,28,10,2,1,1198,CUSTOMER,Mobile Phone,3/16/19
20986,22423,56,0,1,8,21,6,8,12,77,UNDETERMINED,Tablet,3/16/19
327857,352940,816,17,7,72,353,131,59,177,1227,UNDETERMINED,All Devices,3/16/19
14494,16442,405,55,309,36,4,0,1,0,462,CUSTOMER,Tablet,3/16/19
1690,1736,0,0,0,0,0,0,0,0,0,UNDETERMINED,Gaming Console,3/16/19
212715,244177,4705,913,3267,385,93,29,10,8,5591,CUSTOMER,All Devices,3/16/19
118499,133591,3364,663,2348,259,61,19,7,7,3944,CUSTOMER,Desktop,3/16/19
21711,27346,91,0,1,2,62,18,3,5,120,PROSPECT,Mobile Phone,3/16/19
270584,306232,1282,199,612,121,198,91,25,36,1787,All Visitors,Mobile Phone,3/16/19
22,23,0,0,0,0,0,0,0,0,0,CUSTOMER,Gaming Console,3/16/19
269354,295898,3964,676,2354,303,351,95,41,144,4749,All Visitors,Desktop,3/16/19
1,1,0,0,0,0,0,0,0,0,0,All Visitors,E-Reader,3/16/19
3358,3989,6,1,0,0,4,1,0,0,8,PROSPECT,Tablet,3/16/19
38783,42854,467,56,310,44,29,7,9,12,547,All Visitors,Tablet,3/16/19
40713,49955,192,1,2,11,132,33,6,7,265,PROSPECT,All Devices,3/16/19
580696,647072,5713,931,3276,468,578,193,75,192,7040,All Visitors,All Devices,3/16/19
15337,18292,95,0,1,9,66,14,3,2,139,PROSPECT,Desktop,3/16/19
313,328,0,0,0,0,0,0,0,0,0,PROSPECT,Gaming Console,3/16/19
169425,184765,255,4,1,29,108,63,20,30,476,UNDETERMINED,Mobile Phone,3/16/19
2025,2087,0,0,0,0,0,0,0,0,0,All Visitors,Gaming Console,3/16/19
135771,144015,505,13,5,35,224,62,31,135,680,UNDETERMINED,Desktop,3/16/19
15064,16888,386,59,287,33,4,1,2,0,446,CUSTOMER,Tablet,3/10/19
114,122,2,0,0,0,2,0,0,0,2,UNDETERMINED,Gaming Console,3/10/19
207811,236759,4299,770,2972,412,91,28,18,8,5292,CUSTOMER,All Devices,3/10/19
112555,125605,3033,492,2189,272,49,18,10,3,3658,CUSTOMER,Desktop,3/10/19
21713,27238,82,0,1,3,70,6,0,2,137,PROSPECT,Mobile Phone,3/10/19
261116,296087,1207,220,503,146,240,62,22,14,1828,All Visitors,Mobile Phone,3/10/19
9,11,0,0,0,0,0,0,0,0,0,CUSTOMER,Gaming Console,3/10/19
236536,260698,3649,505,2202,327,306,81,47,181,4490,All Visitors,Desktop,3/10/19
3290,3944,10,0,0,1,8,1,0,0,13,PROSPECT,Tablet,3/10/19
37931,41984,450,59,289,49,27,6,10,10,531,All Visitors,Tablet,3/10/19
38146,46980,164,1,1,10,128,13,6,5,261,PROSPECT,All Devices,3/10/19
535700,598944,5308,784,2994,522,575,149,79,205,6797,All Visitors,All Devices,3/10/19
13107,15756,72,1,0,6,50,6,6,3,113,PROSPECT,Desktop,3/10/19
40,42,0,0,0,0,0,0,0,0,0,PROSPECT,Gaming Console,3/10/19
159871,174594,245,1,6,36,132,47,16,7,496,UNDETERMINED,Mobile Phone,3/10/19
163,175,2,0,0,0,2,0,0,0,2,All Visitors,Gaming Console,3/10/19
111532,119337,544,12,13,49,207,57,31,175,729,UNDETERMINED,Desktop,3/10/19
80212,94255,880,219,496,107,38,9,6,5,1208,CUSTOMER,Mobile Phone,3/10/19
19688,21152,54,0,2,15,15,4,8,10,73,UNDETERMINED,Tablet,3/10/19
291194,315205,845,13,21,100,356,108,55,192,1293,UNDETERMINED,All Devices,3/10/19
131073,147305,3815,588,2856,278,56,23,12,2,4490,CUSTOMER,Desktop,3/2/19
24743,31444,118,0,2,10,79,15,5,7,156,PROSPECT,Mobile Phone,3/2/19
300247,343032,1699,244,816,192,312,80,24,31,2349,All Visitors,Mobile Phone,3/2/19
20,29,0,0,0,0,0,0,0,0,0,CUSTOMER,Gaming Console,3/2/19
276661,305493,4537,601,2870,335,412,102,40,177,5436,All Visitors,Desktop,3/2/19
1,1,0,0,0,0,0,0,0,0,0,All Visitors,E-Reader,3/2/19
3449,4123,12,0,0,0,11,1,0,0,15,PROSPECT,Tablet,3/2/19
40572,45084,624,81,413,55,57,9,5,4,731,All Visitors,Tablet,3/2/19
45233,55897,241,3,3,15,163,29,14,14,318,PROSPECT,All Devices,3/2/19
617902,694113,6862,926,4099,582,783,191,69,212,8464,All Visitors,All Devices,3/2/19
16990,20270,109,3,1,5,71,13,9,7,145,PROSPECT,Desktop,3/2/19
55,60,2,0,0,0,2,0,0,0,2,PROSPECT,Gaming Console,3/2/19
179557,197152,330,5,0,51,195,47,16,16,623,UNDETERMINED,Mobile Phone,3/2/19
477,503,2,0,0,0,2,0,0,0,3,All Visitors,Gaming Console,3/2/19
128910,137918,613,10,13,52,285,66,19,168,806,UNDETERMINED,Desktop,3/2/19
1,1,0,0,0,0,0,0,0,0,0,UNDETERMINED,E-Reader,3/2/19
96279,114436,1251,239,814,131,38,18,3,8,1576,CUSTOMER,Mobile Phone,3/2/19
20217,21786,56,1,1,8,33,5,4,4,75,UNDETERMINED,Tablet,3/2/19
329074,357271,999,16,14,111,513,118,39,188,1496,UNDETERMINED,All Devices,3/2/19
16966,19175,556,80,412,47,13,3,1,0,642,CUSTOMER,Tablet,3/2/19
402,414,0,0,0,0,0,0,0,0,1,UNDETERMINED,Gaming Console,3/2/19
244302,280945,5622,907,4082,456,107,44,16,10,6690,CUSTOMER,All Devices,3/2/19
310025,351111,1397,221,593,144,332,63,25,19,1850,All Visitors,Mobile Phone,2/7/19
11,12,0,0,0,0,0,0,0,0,0,CUSTOMER,Gaming Console,2/7/19
344519,379202,4556,1010,2477,411,375,87,50,146,5265,All Visitors,Desktop,2/7/19
3191,3786,5,0,0,1,1,1,2,0,5,PROSPECT,Tablet,2/7/19
42246,46413,356,53,207,41,28,14,8,5,409,All Visitors,Tablet,2/7/19
40601,50037,186,1,0,8,132,23,8,14,249,PROSPECT,All Devices,2/7/19
696833,776886,6312,1284,3277,596,738,164,83,170,7476,All Visitors,All Devices,2/7/19
19949,24105,95,1,0,5,63,13,4,9,123,PROSPECT,Desktop,2/7/19
16,21,1,0,0,0,1,0,0,0,1,PROSPECT,Gaming Console,2/7/19
199045,218034,314,3,2,21,214,42,21,11,525,UNDETERMINED,Mobile Phone,2/7/19
141,160,3,0,0,0,3,0,0,0,4,All Visitors,Gaming Console,2/7/19
167437,179181,534,6,1,45,261,58,33,130,738,UNDETERMINED,Desktop,2/7/19
93770,110952,998,218,591,121,51,12,2,3,1215,CUSTOMER,Mobile Phone,2/7/19
24334,25999,42,0,0,5,22,6,5,4,58,UNDETERMINED,Tablet,2/7/19
390894,423341,892,9,3,71,499,106,59,145,1306,UNDETERMINED,All Devices,2/7/19
14759,16628,309,53,207,35,5,7,1,1,346,CUSTOMER,Tablet,2/7/19
115,127,2,0,0,0,2,0,0,0,3,UNDETERMINED,Gaming Console,2/7/19
265983,303508,5234,1274,3274,517,107,35,16,11,5964,CUSTOMER,All Devices,2/7/19
157491,175916,3927,1003,2476,361,51,16,13,7,4420,CUSTOMER,Desktop,2/7/19
17452,22125,85,0,0,2,67,9,2,5,121,PROSPECT,Mobile Phone,2/7/19
20201,25640,88,1,0,3,59,17,4,4,126,PROSPECT,Mobile Phone,3/19/19
242081,274993,1118,200,338,133,259,97,42,49,1725,All Visitors,Mobile Phone,3/19/19
10,13,1,1,0,0,0,0,0,0,1,CUSTOMER,Gaming Console,3/19/19
335250,368109,5010,1117,2538,470,451,128,80,226,5939,All Visitors,Desktop,3/19/19
2,2,0,0,0,0,0,0,0,0,0,All Visitors,E-Reader,3/19/19
3071,3591,8,0,0,0,7,1,0,0,9,PROSPECT,Tablet,3/19/19
32318,35370,392,52,224,41,37,11,14,13,464,All Visitors,Tablet,3/19/19
43018,52854,206,2,0,14,134,30,9,17,277,PROSPECT,All Devices,3/19/19
609722,678629,6521,1370,3100,644,747,236,136,288,8068,All Visitors,All Devices,3/19/19
19697,23555,110,1,0,11,68,12,5,13,143,PROSPECT,Desktop,3/19/19
63,68,0,0,0,0,0,0,0,0,0,PROSPECT,Gaming Console,3/19/19
137946,151044,342,1,1,38,156,65,38,43,580,UNDETERMINED,Mobile Phone,3/19/19
142,155,1,1,0,0,0,0,0,0,2,All Visitors,Gaming Console,3/19/19
155500,165574,750,9,5,61,332,91,58,194,973,UNDETERMINED,Desktop,3/19/19
2,2,0,0,0,0,0,0,0,0,0,UNDETERMINED,E-Reader,3/19/19
84161,98309,688,198,337,92,44,15,0,2,1027,CUSTOMER,Mobile Phone,3/19/19
15456,16446,67,0,0,7,26,7,14,13,88,UNDETERMINED,Tablet,3/19/19
308960,333140,1159,10,6,106,514,163,110,250,1633,UNDETERMINED,All Devices,3/19/19
13839,15333,317,52,224,34,4,3,0,0,367,CUSTOMER,Tablet,3/19/19
70,74,0,0,0,0,0,0,0,0,1,UNDETERMINED,Gaming Console,3/19/19
258394,292635,5157,1358,3094,524,100,43,17,21,6223,CUSTOMER,All Devices,3/19/19
160420,178980,4151,1107,2533,398,52,25,17,19,4847,CUSTOMER,Desktop,3/19/19
1641,1671,0,0,0,0,0,0,0,0,0,UNDETERMINED,Gaming Console,3/25/19
248364,281770,5254,1240,3090,759,96,44,8,17,6280,CUSTOMER,All Devices,3/25/19
140771,155508,4077,967,2441,581,46,26,5,11,4674,CUSTOMER,Desktop,3/25/19
28191,35312,130,1,0,16,81,17,5,10,180,PROSPECT,Mobile Phone,3/25/19
333187,375972,1343,230,406,219,313,104,32,39,2045,All Visitors,Mobile Phone,3/25/19
15,17,0,0,0,0,0,0,0,0,0,CUSTOMER,Gaming Console,3/25/19
274780,299438,4819,976,2443,796,370,115,44,75,5632,All Visitors,Desktop,3/25/19
1,1,0,0,0,0,0,0,0,0,0,All Visitors,E-Reader,3/25/19
3597,4166,11,0,0,1,9,1,0,0,15,PROSPECT,Tablet,3/25/19
37663,41516,383,47,243,42,29,9,9,4,471,All Visitors,Tablet,3/25/19
49951,60857,270,4,0,53,155,29,11,18,356,PROSPECT,All Devices,3/25/19
647800,719265,6545,1253,3092,1057,712,228,85,118,8084,All Visitors,All Devices,3/25/19
17570,20729,129,3,0,36,65,11,6,8,162,PROSPECT,Desktop,3/25/19
604,650,0,0,0,0,0,0,0,0,0,PROSPECT,Gaming Console,3/25/19
211886,230465,363,3,0,54,189,69,25,23,640,UNDETERMINED,Mobile Phone,3/25/19
2260,2338,0,0,0,0,0,0,0,0,0,All Visitors,Gaming Console,3/25/19
116726,123201,613,6,2,179,259,78,33,56,807,UNDETERMINED,Desktop,3/25/19
1,1,0,0,0,0,0,0,0,0,0,UNDETERMINED,E-Reader,3/25/19
93418,110195,850,226,406,149,43,18,2,6,1235,CUSTOMER,Mobile Phone,3/25/19
19895,21300,45,0,0,12,13,8,8,4,63,UNDETERMINED,Tablet,3/25/19
350130,376638,1021,9,2,245,461,155,66,83,1496,UNDETERMINED,All Devices,3/25/19
14217,16050,327,47,243,29,7,0,1,0,394,CUSTOMER,Tablet,3/25/19
146228,164139,3982,893,2547,462,43,18,10,9,4552,CUSTOMER,Desktop,2/11/19
22494,28516,97,0,0,12,66,12,5,2,123,PROSPECT,Mobile Phone,2/11/19
309294,347579,1163,206,393,201,241,74,22,26,1621,All Visitors,Mobile Phone,2/11/19
18,21,0,0,0,0,0,0,0,0,0,CUSTOMER,Gaming Console,2/11/19
345299,379574,4612,903,2554,509,352,94,34,166,5387,All Visitors,Desktop,2/11/19
4135,4937,13,0,0,0,8,1,3,1,14,PROSPECT,Tablet,2/11/19
41772,45825,342,40,222,22,31,8,13,6,391,All Visitors,Tablet,2/11/19
49779,61150,212,1,1,21,143,24,15,7,275,PROSPECT,All Devices,2/11/19
696586,773298,6118,1149,3169,732,624,177,69,198,7356,All Visitors,All Devices,2/11/19
23133,27671,102,1,1,9,69,11,7,4,140,PROSPECT,Desktop,2/11/19
21,26,0,0,0,0,0,0,0,0,0,PROSPECT,Gaming Console,2/11/19
208457,225959,250,5,1,33,142,42,13,14,451,UNDETERMINED,Mobile Phone,2/11/19
304,320,1,0,0,0,0,1,0,0,1,All Visitors,Gaming Console,2/11/19
176326,187764,528,9,6,38,240,65,17,153,707,UNDETERMINED,Desktop,2/11/19
78626,93104,816,201,392,156,33,20,4,10,1053,CUSTOMER,Mobile Phone,2/11/19
24423,25914,41,1,0,3,17,7,8,5,53,UNDETERMINED,Tablet,2/11/19
409437,439910,820,15,7,74,399,115,38,172,1204,UNDETERMINED,All Devices,2/11/19
13255,14974,288,39,222,19,6,0,2,0,324,CUSTOMER,Tablet,2/11/19
265,273,1,0,0,0,0,1,0,0,1,UNDETERMINED,Gaming Console,2/11/19
238083,272238,5086,1133,3161,637,82,38,16,19,5909,CUSTOMER,All Devices,2/11/19
21460,25450,125,1,2,17,71,15,11,8,229,PROSPECT,Desktop,3/5/19
142,146,1,0,0,0,1,0,0,0,2,PROSPECT,Gaming Console,3/5/19
160405,175433,309,4,2,38,172,60,20,13,874,UNDETERMINED,Mobile Phone,3/5/19
949,987,1,0,0,0,1,0,0,0,2,All Visitors,Gaming Console,3/5/19
160582,170763,665,8,4,65,291,64,37,196,1084,UNDETERMINED,Desktop,3/5/19
1,1,0,0,0,0,0,0,0,0,0,UNDETERMINED,E-Reader,3/5/19
80715,95512,931,185,559,127,43,10,6,1,2200,CUSTOMER,Mobile Phone,3/5/19
17879,19067,50,0,0,6,29,7,4,4,86,UNDETERMINED,Tablet,3/5/19
339640,366089,1024,12,6,109,492,131,61,213,2031,UNDETERMINED,All Devices,3/5/19
13119,14791,356,52,262,30,8,3,1,0,451,CUSTOMER,Tablet,3/5/19
793,825,0,0,0,0,0,0,0,0,0,UNDETERMINED,Gaming Console,3/5/19
255906,291562,5792,1070,3937,602,112,35,23,13,8431,CUSTOMER,All Devices,3/5/19
162106,181243,4505,833,3116,445,61,22,16,12,5838,CUSTOMER,Desktop,3/5/19
20451,25805,99,0,0,9,70,5,9,6,272,PROSPECT,Mobile Phone,3/5/19
261326,296750,1339,189,561,174,285,75,35,20,3323,All Visitors,Mobile Phone,3/5/19
14,16,0,0,0,0,0,0,0,0,0,CUSTOMER,Gaming Console,3/5/19
343819,377456,5295,842,3122,527,423,101,64,216,7123,All Visitors,Desktop,3/5/19
1,1,0,0,0,0,0,0,0,0,0,All Visitors,E-Reader,3/5/19
2817,3308,10,1,0,0,6,2,0,1,22,PROSPECT,Tablet,3/5/19
33782,37166,416,53,262,36,43,12,5,5,557,All Visitors,Tablet,3/5/19
44856,54709,235,2,2,26,148,22,20,15,522,PROSPECT,All Devices,3/5/19
639790,712360,7051,1084,3945,737,752,188,104,241,10866,All Visitors,All Devices,3/5/19
79075,92825,787,196,396,129,39,16,6,5,1015,CUSTOMER,Mobile Phone,2/6/19
22085,23433,37,1,0,3,21,7,4,1,52,UNDETERMINED,Tablet,2/6/19
348434,374880,852,18,6,59,446,131,50,142,1258,UNDETERMINED,All Devices,2/6/19
13652,15304,264,50,174,30,6,2,1,1,315,CUSTOMER,Tablet,2/6/19
80,86,1,0,0,0,1,0,0,0,1,UNDETERMINED,Gaming Console,2/6/19
242911,275394,4381,1047,2601,560,92,46,21,14,5143,CUSTOMER,All Devices,2/6/19
150209,167244,3329,801,2030,401,47,28,14,8,3829,CUSTOMER,Desktop,2/6/19
19504,24366,106,2,0,6,84,9,5,0,137,PROSPECT,Mobile Phone,2/6/19
269618,303415,1172,204,396,152,307,76,22,15,1632,All Visitors,Mobile Phone,2/6/19
15,21,1,0,1,0,0,0,0,0,1,CUSTOMER,Gaming Console,2/6/19
326372,357998,3962,812,2037,454,344,112,55,148,4686,All Visitors,Desktop,2/6/19
3428,4001,7,0,0,0,4,2,1,0,8,PROSPECT,Tablet,2/6/19
39136,42738,308,51,174,33,31,11,6,2,374,All Visitors,Tablet,2/6/19
44375,54007,212,2,1,20,146,22,12,9,296,PROSPECT,All Devices,2/6/19
635154,704281,5445,1067,2608,639,684,199,83,165,6642,All Visitors,All Devices,2/6/19
21437,25617,98,0,1,14,57,11,6,9,150,PROSPECT,Desktop,2/6/19
18,23,1,0,0,0,1,0,0,0,1,PROSPECT,Gaming Console,2/6/19
171252,186224,279,6,0,17,184,51,11,10,489,UNDETERMINED,Mobile Phone,2/6/19
112,130,3,0,1,0,2,0,0,0,3,All Visitors,Gaming Console,2/6/19
155046,165137,535,11,6,39,240,73,35,131,722,UNDETERMINED,Desktop,2/6/19
94438,104789,3081,659,2139,208,45,14,12,4,3560,CUSTOMER,Desktop,3/23/19
27964,35054,102,0,0,6,67,20,4,5,149,PROSPECT,Mobile Phone,3/23/19
355888,401743,1397,227,535,190,277,116,31,21,2046,All Visitors,Mobile Phone,3/23/19
9,10,0,0,0,0,0,0,0,0,0,CUSTOMER,Gaming Console,3/23/19
189812,207064,3425,672,2147,243,223,70,34,36,4044,All Visitors,Desktop,3/23/19
3694,4434,8,0,0,1,5,1,1,0,10,PROSPECT,Tablet,3/23/19
43460,48050,476,70,305,44,29,5,10,13,551,All Visitors,Tablet,3/23/19
44116,54130,172,2,1,12,111,26,8,12,243,PROSPECT,All Devices,3/23/19
590888,658736,5298,969,2987,477,529,191,75,70,6575,All Visitors,All Devices,3/23/19
12046,14206,62,2,1,5,39,5,3,7,85,PROSPECT,Desktop,3/23/19
418,436,0,0,0,0,0,0,0,0,0,PROSPECT,Gaming Console,3/23/19
228567,248591,344,4,1,48,173,85,20,13,630,UNDETERMINED,Mobile Phone,3/23/19
1823,1879,0,0,0,0,0,0,0,0,0,All Visitors,Gaming Console,3/23/19
83569,88069,282,11,7,30,139,51,19,25,406,UNDETERMINED,Desktop,3/23/19
99720,118098,951,223,534,136,37,11,7,3,1275,CUSTOMER,Mobile Phone,3/23/19
23609,25189,52,2,1,8,18,2,9,12,71,UNDETERMINED,Tablet,3/23/19
337113,363282,678,17,9,86,330,138,48,50,1093,UNDETERMINED,All Devices,3/23/19
16224,18427,416,68,304,35,6,2,0,1,476,CUSTOMER,Tablet,3/23/19
1396,1433,0,0,0,0,0,0,0,0,0,UNDETERMINED,Gaming Console,3/23/19
210333,241324,4448,950,2977,379,88,27,19,8,5290,CUSTOMER,All Devices,3/23/19
97140,115205,1207,276,686,135,81,14,5,10,1638,CUSTOMER,Mobile Phone,2/27/19
20483,21949,59,2,1,6,36,5,3,6,84,UNDETERMINED,Tablet,2/27/19
398582,433026,1587,22,27,264,768,169,49,288,2206,UNDETERMINED,All Devices,2/27/19
13761,15428,370,53,263,47,4,1,1,1,456,CUSTOMER,Tablet,2/27/19
350,365,1,0,0,0,1,0,0,0,1,UNDETERMINED,Gaming Console,2/27/19
271480,309988,6046,1190,3981,637,167,27,18,26,7241,CUSTOMER,All Devices,2/27/19
160627,179342,4469,861,3032,455,82,12,12,15,5182,CUSTOMER,Desktop,2/27/19
20778,26353,147,1,0,10,111,11,4,10,196,PROSPECT,Mobile Phone,2/27/19
323694,368349,1906,285,692,240,527,99,28,35,2738,All Visitors,Mobile Phone,2/27/19
12,13,0,0,0,0,0,0,0,0,0,CUSTOMER,Gaming Console,2/27/19
351063,385975,5583,873,3052,633,566,113,46,300,6549,All Visitors,Desktop,2/27/19
2816,3333,8,0,0,1,6,0,1,0,10,PROSPECT,Tablet,2/27/19
37029,40710,437,55,264,54,46,6,5,7,548,All Visitors,Tablet,2/27/19
42680,52447,295,1,0,26,206,22,12,28,381,PROSPECT,All Devices,2/27/19
712073,795461,7928,1213,4008,927,1141,218,79,342,9752,All Visitors,All Devices,2/27/19
19058,22712,139,0,0,15,88,11,7,18,175,PROSPECT,Desktop,2/27/19
41,49,1,0,0,0,1,0,0,0,1,PROSPECT,Gaming Console,2/27/19
206058,226791,552,8,6,95,335,74,19,15,920,UNDETERMINED,Mobile Phone,2/27/19
403,427,2,0,0,0,2,0,0,0,2,All Visitors,Gaming Console,2/27/19
171731,183921,975,12,20,163,396,90,27,267,1217,UNDETERMINED,Desktop,2/27/19
346,360,1,0,0,0,1,0,0,0,1,PROSPECT,Gaming Console,3/22/19
231106,253869,435,4,1,27,252,95,36,20,759,UNDETERMINED,Mobile Phone,3/22/19
1515,1557,1,0,0,0,1,0,0,0,1,All Visitors,Gaming Console,3/22/19
113672,119865,472,4,4,39,255,78,35,57,620,UNDETERMINED,Desktop,3/22/19
1,1,0,0,0,0,0,0,0,0,0,UNDETERMINED,E-Reader,3/22/19
104594,122983,947,232,496,152,41,15,4,7,1374,CUSTOMER,Mobile Phone,3/22/19
21237,22629,94,0,2,14,27,5,19,27,125,UNDETERMINED,Tablet,3/22/19
367142,397550,1001,8,7,80,534,178,90,104,1493,UNDETERMINED,All Devices,3/22/19
17231,19291,314,57,218,32,3,3,1,0,372,CUSTOMER,Tablet,3/22/19
1160,1186,0,0,0,0,0,0,0,0,0,UNDETERMINED,Gaming Console,3/22/19
263383,297846,5073,1340,3061,541,81,29,11,10,6066,CUSTOMER,All Devices,3/22/19
141618,155561,3812,1051,2347,357,37,11,6,3,4347,CUSTOMER,Desktop,3/22/19
22989,28750,109,1,0,3,81,16,3,5,161,PROSPECT,Mobile Phone,3/22/19
358419,405602,1491,237,497,182,374,126,43,32,2291,All Visitors,Mobile Phone,3/22/19
10,11,0,0,0,0,0,0,0,0,0,CUSTOMER,Gaming Console,3/22/19
271272,294476,4382,1061,2353,403,354,103,46,62,5091,All Visitors,Desktop,3/22/19
1,1,0,0,0,0,0,0,0,0,0,All Visitors,E-Reader,3/22/19
3099,3669,14,0,0,2,9,2,1,0,16,PROSPECT,Tablet,3/22/19
41532,45589,422,57,220,48,39,10,21,27,512,All Visitors,Tablet,3/22/19
42665,51829,222,7,2,12,153,32,9,7,312,PROSPECT,All Devices,3/22/19
672620,747225,6296,1355,3070,633,768,239,110,121,7826,All Visitors,All Devices,3/22/19
16244,19050,98,6,2,7,62,14,5,2,136,PROSPECT,Desktop,3/22/19
148401,158608,743,8,14,73,347,75,41,185,992,UNDETERMINED,Desktop,3/1/19
100142,117910,1138,244,662,127,82,11,7,5,1511,CUSTOMER,Mobile Phone,3/1/19
18099,19305,61,0,2,9,36,4,4,6,83,UNDETERMINED,Tablet,3/1/19
344857,373892,1168,13,19,114,632,129,59,202,1764,UNDETERMINED,All Devices,3/1/19
16156,18126,383,47,284,32,12,3,2,3,468,CUSTOMER,Tablet,3/1/19
213,215,0,0,0,0,0,0,0,0,0,UNDETERMINED,Gaming Console,3/1/19
289451,329130,6300,1158,4259,630,176,40,23,14,7531,CUSTOMER,All Devices,3/1/19
173188,193077,4778,867,3312,471,82,26,14,6,5567,CUSTOMER,Desktop,3/1/19
23633,30054,166,0,1,14,113,20,7,11,240,PROSPECT,Mobile Phone,3/1/19
301636,343728,1668,249,666,173,444,81,28,27,2443,All Visitors,Mobile Phone,3/1/19
15,17,1,0,1,0,0,0,0,0,1,CUSTOMER,Gaming Console,3/1/19
342238,376742,5658,876,3326,557,523,110,61,205,6740,All Visitors,Desktop,3/1/19
3314,3909,14,0,0,0,8,4,1,1,19,PROSPECT,Tablet,3/1/19
37524,41340,458,47,286,41,56,11,7,10,569,All Visitors,Tablet,3/1/19
48006,59068,318,1,1,27,215,33,14,27,450,PROSPECT,All Devices,3/1/19
681591,762090,7786,1172,4279,771,1023,202,96,243,9702,All Visitors,All Devices,3/1/19
21022,25057,137,1,0,13,94,9,6,14,191,PROSPECT,Desktop,3/1/19
46,48,1,0,0,0,0,0,0,1,1,PROSPECT,Gaming Console,3/1/19
178163,195764,364,5,3,32,249,50,14,11,702,UNDETERMINED,Mobile Phone,3/1/19
274,280,2,0,1,0,0,0,0,1,2,All Visitors,Gaming Console,3/1/19
22261,27608,137,1,0,11,101,13,4,7,190,PROSPECT,Mobile Phone,2/28/19
276223,311951,1467,228,581,166,385,64,22,21,2149,All Visitors,Mobile Phone,2/28/19
14,15,0,0,0,0,0,0,0,0,0,CUSTOMER,Gaming Console,2/28/19
328003,359147,5074,851,2811,534,511,102,41,224,6009,All Visitors,Desktop,2/28/19
1,1,0,0,0,0,0,0,0,0,0,All Visitors,E-Reader,2/28/19
2891,3387,7,0,0,1,2,3,0,1,12,PROSPECT,Tablet,2/28/19
32575,35584,378,52,240,32,38,8,3,5,441,All Visitors,Tablet,2/28/19
43037,52525,266,1,0,22,186,29,10,18,380,PROSPECT,All Devices,2/28/19
636347,706848,6919,1131,3632,732,934,174,66,250,8547,All Visitors,All Devices,2/28/19
17938,21500,122,0,0,10,83,13,6,10,178,PROSPECT,Desktop,2/28/19
26,30,0,0,0,0,0,0,0,0,0,PROSPECT,Gaming Console,2/28/19
172959,187545,431,25,56,38,242,43,15,12,745,UNDETERMINED,Mobile Phone,2/28/19
155,165,0,0,0,0,0,0,0,0,0,All Visitors,Gaming Console,2/28/19
159513,168723,906,39,147,71,357,60,27,205,1160,UNDETERMINED,Desktop,2/28/19
1,1,0,0,0,0,0,0,0,0,0,UNDETERMINED,E-Reader,2/28/19
83127,96798,899,202,525,117,42,8,3,2,1225,CUSTOMER,Mobile Phone,2/28/19
17795,18773,61,3,11,4,33,3,3,4,80,UNDETERMINED,Tablet,2/28/19
350187,375162,1398,67,214,113,632,106,45,221,1976,UNDETERMINED,All Devices,2/28/19
12091,13424,310,49,229,27,3,2,0,0,350,CUSTOMER,Tablet,2/28/19
116,120,0,0,0,0,0,0,0,0,0,UNDETERMINED,Gaming Console,2/28/19
247150,279161,5255,1063,3418,597,116,39,11,11,6239,CUSTOMER,All Devices,2/28/19
152206,168924,4046,812,2664,453,71,29,8,9,4684,CUSTOMER,Desktop,2/28/19
124472,131972,600,6,5,32,302,109,43,103,801,UNDETERMINED,Desktop,3/20/19
108307,125917,806,212,362,144,60,17,7,4,1244,CUSTOMER,Mobile Phone,3/20/19
18891,20213,91,0,1,16,23,6,19,26,110,UNDETERMINED,Tablet,3/20/19
340718,368554,1115,9,8,69,573,195,97,164,1657,UNDETERMINED,All Devices,3/20/19
15423,17145,361,50,268,34,8,1,0,0,428,CUSTOMER,Tablet,3/20/19
1019,1054,0,0,0,0,0,0,0,0,0,UNDETERMINED,Gaming Console,3/20/19
264970,298752,5059,1291,3013,582,108,33,20,12,6150,CUSTOMER,All Devices,3/20/19
141595,155680,3892,1029,2383,404,40,15,13,8,4512,CUSTOMER,Desktop,3/20/19
20153,25271,84,0,0,1,66,8,2,7,122,PROSPECT,Mobile Phone,3/20/19
324860,366503,1314,215,364,166,374,105,44,46,2118,All Visitors,Mobile Phone,3/20/19
9,10,0,0,0,0,0,0,0,0,1,CUSTOMER,Gaming Console,3/20/19
281714,306283,4588,1036,2388,439,400,141,66,118,5417,All Visitors,Desktop,3/20/19
2772,3229,12,0,0,0,8,1,2,1,13,PROSPECT,Tablet,3/20/19
37048,40587,464,50,269,50,39,8,21,27,551,All Visitors,Tablet,3/20/19
39083,47475,192,1,0,4,132,26,14,15,257,PROSPECT,All Devices,3/20/19
644274,714781,6366,1301,3021,655,813,254,131,191,7997,All Visitors,All Devices,3/20/19
15881,18631,96,1,0,3,58,17,10,7,124,PROSPECT,Desktop,3/20/19
328,344,0,0,0,0,0,0,0,0,0,PROSPECT,Gaming Console,3/20/19
196609,215315,424,3,2,21,248,80,35,35,762,UNDETERMINED,Mobile Phone,3/20/19
1355,1408,0,0,0,0,0,0,0,0,1,All Visitors,Gaming Console,3/20/19
171400,191684,4853,832,3343,543,75,30,16,14,6081,CUSTOMER,Desktop,3/4/19
23459,29663,120,0,0,10,84,17,5,4,278,PROSPECT,Mobile Phone,3/4/19
272458,309179,1442,213,567,195,334,87,27,19,3146,All Visitors,Mobile Phone,3/4/19
15,17,0,0,0,0,0,0,0,0,0,CUSTOMER,Gaming Console,3/4/19
356848,392412,5727,843,3351,630,508,119,52,224,7346,All Visitors,Desktop,3/4/19
3155,3718,14,0,0,0,10,3,1,0,21,PROSPECT,Tablet,3/4/19
34282,37877,440,47,276,44,46,20,5,2,587,All Visitors,Tablet,3/4/19
49184,60308,265,1,0,22,186,33,12,11,516,PROSPECT,All Devices,3/4/19
664686,740683,7609,1103,4194,869,888,226,84,245,10966,All Visitors,All Devices,3/4/19
22435,26772,131,1,0,12,92,13,6,7,221,PROSPECT,Desktop,3/4/19
143,155,0,0,0,0,0,0,0,0,0,PROSPECT,Gaming Console,3/4/19
165571,180428,323,5,1,34,204,51,16,12,840,UNDETERMINED,Mobile Phone,3/4/19
1180,1215,0,0,0,0,0,0,0,0,1,All Visitors,Gaming Console,3/4/19
163578,173956,743,10,8,75,341,76,30,203,1069,UNDETERMINED,Desktop,3/4/19
83807,99088,999,208,566,151,46,19,6,3,2042,CUSTOMER,Mobile Phone,3/4/19
17209,18456,54,0,0,6,26,16,4,2,95,UNDETERMINED,Tablet,3/4/19
347359,373883,1120,15,9,115,571,143,50,217,1993,UNDETERMINED,All Devices,3/4/19
13987,15703,372,47,276,38,10,1,0,0,472,CUSTOMER,Tablet,3/4/19
1022,1043,0,0,0,0,0,0,0,0,1,UNDETERMINED,Gaming Console,3/4/19
269161,306492,6224,1087,4185,732,131,50,22,17,8545,CUSTOMER,All Devices,3/4/19
2491,2937,12,0,0,2,6,2,0,2,14,PROSPECT,Tablet,3/15/19
35232,38652,384,40,251,37,26,6,10,14,444,All Visitors,Tablet,3/15/19
36260,44145,211,0,0,13,153,24,11,10,285,PROSPECT,All Devices,3/15/19
642488,713506,6460,1354,3289,566,786,208,67,190,7987,All Visitors,All Devices,3/15/19
17123,20319,103,0,0,7,73,13,7,3,138,PROSPECT,Desktop,3/15/19
238,251,0,0,0,0,0,0,0,0,0,PROSPECT,Gaming Console,3/15/19
165910,182292,340,5,3,27,189,71,19,26,655,UNDETERMINED,Mobile Phone,3/15/19
1598,1639,0,0,0,0,0,0,0,0,1,All Visitors,Gaming Console,3/15/19
162931,174051,600,12,6,37,326,74,19,126,811,UNDETERMINED,Desktop,3/15/19
79729,93377,876,219,498,101,45,8,1,4,1225,CUSTOMER,Mobile Phone,3/15/19
18670,19925,50,0,0,10,15,3,10,12,60,UNDETERMINED,Tablet,3/15/19
348837,377641,990,17,9,74,530,148,48,164,1517,UNDETERMINED,All Devices,3/15/19
14116,15790,322,40,251,25,5,1,0,0,371,CUSTOMER,Tablet,3/15/19
1346,1373,0,0,0,0,0,0,0,0,0,UNDETERMINED,Gaming Console,3/15/19
257987,291720,5259,1337,3280,479,103,36,8,16,6243,CUSTOMER,All Devices,3/15/19
164170,182538,4061,1078,2531,353,53,27,7,12,4667,CUSTOMER,Desktop,3/15/19
16411,20638,96,0,0,4,74,9,4,5,133,PROSPECT,Mobile Phone,3/15/19
261810,296307,1312,224,501,132,308,88,24,35,2002,All Visitors,Mobile Phone,3/15/19
14,15,0,0,0,0,0,0,0,0,1,CUSTOMER,Gaming Console,3/15/19
343916,376908,4764,1090,2537,397,452,114,33,141,5600,All Visitors,Desktop,3/15/19
91,98,1,0,0,0,0,1,0,0,1,UNDETERMINED,Gaming Console,2/15/19
253349,288255,4481,998,2754,579,101,29,13,7,5288,CUSTOMER,All Devices,2/15/19
153677,171291,3289,730,2092,391,49,12,10,5,3849,CUSTOMER,Desktop,2/15/19
20868,26269,97,0,0,5,79,11,2,0,129,PROSPECT,Mobile Phone,2/15/19
291843,330904,1242,211,418,207,312,70,16,8,1734,All Visitors,Mobile Phone,2/15/19
15,16,0,0,0,0,0,0,0,0,0,CUSTOMER,Gaming Console,2/15/19
335396,368773,3956,740,2104,443,400,70,38,161,4686,All Visitors,Desktop,2/15/19
2,2,0,0,0,0,0,0,0,0,0,All Visitors,E-Reader,2/15/19
3739,4442,9,0,0,0,7,0,2,0,9,PROSPECT,Tablet,2/15/19
38618,42477,409,61,246,40,38,6,9,9,448,All Visitors,Tablet,2/15/19
46866,57084,219,0,4,10,165,26,7,7,272,PROSPECT,All Devices,2/15/19
665895,742300,5608,1012,2768,690,750,147,63,178,6827,All Visitors,All Devices,2/15/19
22247,26343,113,0,4,5,79,15,3,7,136,PROSPECT,Desktop,2/15/19
23,30,0,0,0,0,0,0,0,0,0,PROSPECT,Gaming Console,2/15/19
185715,203594,294,4,2,45,182,44,11,6,529,UNDETERMINED,Mobile Phone,2/15/19
129,144,1,0,0,0,0,1,0,0,1,All Visitors,Gaming Console,2/15/19
159781,171139,554,10,8,47,272,43,25,149,707,UNDETERMINED,Desktop,2/15/19
2,2,0,0,0,0,0,0,0,0,0,UNDETERMINED,E-Reader,2/15/19
85510,101041,851,207,416,157,51,15,3,2,1083,CUSTOMER,Mobile Phone,2/15/19
20734,22128,59,0,0,9,30,4,7,9,61,UNDETERMINED,Tablet,2/15/19
366288,396961,908,14,10,101,484,92,43,164,1294,UNDETERMINED,All Devices,2/15/19
14192,15907,341,61,246,31,1,2,0,0,378,CUSTOMER,Tablet,2/15/19
347337,380519,4631,640,2610,511,426,110,47,287,5513,All Visitors,Desktop,2/26/19
2,2,0,0,0,0,0,0,0,0,0,All Visitors,E-Reader,2/26/19
3079,3585,10,0,0,1,5,0,2,2,14,PROSPECT,Tablet,2/26/19
35470,38929,407,47,266,40,28,11,6,9,489,All Visitors,Tablet,2/26/19
48968,59664,233,0,0,15,164,26,14,14,312,PROSPECT,All Devices,2/26/19
694324,771796,6481,873,3403,747,844,207,81,326,7966,All Visitors,All Devices,2/26/19
22334,26228,104,0,0,9,67,16,8,4,134,PROSPECT,Desktop,2/26/19
97,105,0,0,0,0,0,0,0,0,0,PROSPECT,Gaming Console,2/26/19
188153,205882,398,4,1,39,249,61,23,21,653,UNDETERMINED,Mobile Phone,2/26/19
1266,1317,1,0,0,0,1,0,0,0,1,All Visitors,Gaming Console,2/26/19
163959,174720,729,6,9,52,290,66,31,275,967,UNDETERMINED,Desktop,2/26/19
2,2,0,0,0,0,0,0,0,0,0,UNDETERMINED,E-Reader,2/26/19
98984,115401,925,182,526,152,48,15,1,1,1205,CUSTOMER,Mobile Phone,2/26/19
18940,20274,47,2,1,5,18,10,4,7,64,UNDETERMINED,Tablet,2/26/19
372179,402077,1175,12,11,96,558,137,58,303,1674,UNDETERMINED,All Devices,2/26/19
13496,15070,350,45,265,34,5,1,0,0,411,CUSTOMER,Tablet,2/26/19
1156,1199,1,0,0,0,1,0,0,0,1,UNDETERMINED,Gaming Console,2/26/19
273852,310055,5074,861,3392,636,123,44,9,9,6035,CUSTOMER,All Devices,2/26/19
161411,179571,3799,634,2601,450,70,28,8,8,4434,CUSTOMER,Desktop,2/26/19
23473,29746,119,0,0,5,92,10,4,8,167,PROSPECT,Mobile Phone,2/26/19
310351,351029,1442,186,527,196,389,86,28,30,2016,All Visitors,Mobile Phone,2/26/19
13,13,0,0,0,0,0,0,0,0,0,CUSTOMER,Gaming Console,2/26/19
45094,55860,202,1,0,16,140,27,13,5,289,PROSPECT,All Devices,3/30/19
624053,694199,5448,846,2926,632,701,163,83,97,6714,All Visitors,All Devices,3/30/19
10996,13138,86,0,0,9,60,10,6,1,113,PROSPECT,Desktop,3/30/19
591,630,0,0,0,0,0,0,0,0,0,PROSPECT,Gaming Console,3/30/19
253532,274771,411,3,1,38,241,66,27,35,695,UNDETERMINED,Mobile Phone,3/30/19
2304,2402,2,0,0,0,2,0,0,0,2,All Visitors,Gaming Console,3/30/19
84151,88556,378,14,2,60,204,43,22,33,462,UNDETERMINED,Desktop,3/30/19
1,1,0,0,0,0,0,0,0,0,0,UNDETERMINED,E-Reader,3/30/19
108058,127137,1050,251,555,176,51,9,4,4,1355,CUSTOMER,Mobile Phone,3/30/19
23696,25349,62,1,0,13,20,2,11,15,76,UNDETERMINED,Tablet,3/30/19
363043,390432,853,18,3,111,467,111,60,83,1226,UNDETERMINED,All Devices,3/30/19
16125,18189,464,57,338,59,6,1,2,1,539,CUSTOMER,Tablet,3/30/19
1699,1755,2,0,0,0,2,0,0,0,2,UNDETERMINED,Gaming Console,3/30/19
216612,247907,4393,827,2923,505,94,25,10,9,5238,CUSTOMER,All Devices,3/30/19
92489,102564,2879,519,2030,270,37,15,4,4,3359,CUSTOMER,Desktop,3/30/19
29662,37458,111,1,0,7,78,17,6,2,170,PROSPECT,Mobile Phone,3/30/19
390844,439366,1572,255,556,221,370,92,37,41,2210,All Visitors,Mobile Phone,3/30/19
14,17,0,0,0,0,0,0,0,0,0,CUSTOMER,Gaming Console,3/30/19
187410,204258,3343,533,2032,339,301,68,32,38,3927,All Visitors,Desktop,3/30/19
1,1,0,0,0,0,0,0,0,0,0,All Visitors,E-Reader,3/30/19
3854,4634,5,0,0,0,2,0,1,2,7,PROSPECT,Tablet,3/30/19
43614,48172,531,58,338,72,28,3,14,18,622,All Visitors,Tablet,3/30/19
241,256,1,0,0,0,0,0,0,1,1,UNDETERMINED,Gaming Console,3/8/19
285902,325697,1411,209,551,185,306,89,40,31,2637,All Visitors,Mobile Phone,3/8/19
351146,387236,5187,940,2841,589,404,122,42,249,6472,All Visitors,Desktop,3/8/19
36927,40654,407,50,249,44,37,8,7,12,483,All Visitors,Tablet,3/8/19
674127,753843,7006,1199,3641,818,747,219,89,293,9504,All Visitors,All Devices,3/8/19
285902,325697,1411,209,551,185,306,89,40,31,2637,UNDETERMINED,Mobile Phone,3/8/19
241,256,1,0,0,0,0,0,0,1,1,All Visitors,Gaming Console,3/8/19
351146,387236,5187,940,2841,589,404,122,42,249,6472,UNDETERMINED,Desktop,3/8/19
36927,40654,407,50,249,44,37,8,7,12,483,UNDETERMINED,Tablet,3/8/19
674127,753843,7006,1199,3641,818,747,219,89,293,9504,UNDETERMINED,All Devices,3/8/19
84,89,0,0,0,0,0,0,0,0,0,UNDETERMINED,Gaming Console,2/13/19
249552,284797,4508,1063,2743,523,103,41,17,19,5311,CUSTOMER,All Devices,2/13/19
152603,170754,3475,838,2180,358,52,26,7,14,4031,CUSTOMER,Desktop,2/13/19
21427,27101,110,1,0,3,92,4,3,7,151,PROSPECT,Mobile Phone,2/13/19
286453,324496,1157,190,366,183,310,52,31,25,1595,All Visitors,Mobile Phone,2/13/19
9,9,0,0,0,0,0,0,0,0,0,CUSTOMER,Gaming Console,2/13/19
343171,377425,4219,842,2184,420,386,109,36,242,4959,All Visitors,Desktop,2/13/19
2,2,0,0,0,0,0,0,0,0,0,All Visitors,E-Reader,2/13/19
3924,4656,16,0,0,1,13,1,1,0,20,PROSPECT,Tablet,2/13/19
38420,42168,333,40,199,31,44,5,6,8,388,All Visitors,Tablet,2/13/19
48092,58730,221,2,0,12,167,16,13,11,294,PROSPECT,All Devices,2/13/19
668065,744218,5708,1072,2749,634,740,166,73,275,6885,All Visitors,All Devices,2/13/19
22727,26944,95,1,0,8,62,11,9,4,125,PROSPECT,Desktop,2/13/19
23,29,0,0,0,0,0,0,0,0,0,PROSPECT,Gaming Console,2/13/19
181897,198627,280,4,2,37,171,35,18,13,465,UNDETERMINED,Mobile Phone,2/13/19
116,127,0,0,0,0,0,0,0,0,0,All Visitors,Gaming Console,2/13/19
168143,179727,649,3,4,54,272,72,20,224,811,UNDETERMINED,Desktop,2/13/19
2,2,0,0,0,0,0,0,0,0,0,UNDETERMINED,E-Reader,2/13/19
83362,98768,767,185,364,143,47,13,10,5,993,CUSTOMER,Mobile Phone,2/13/19
20899,22246,50,0,0,8,27,2,5,8,55,UNDETERMINED,Tablet,2/13/19
370989,400691,979,7,6,99,470,109,43,245,1326,UNDETERMINED,All Devices,2/13/19
13628,15266,267,40,199,22,4,2,0,0,313,CUSTOMER,Tablet,2/13/19
371834,405840,1283,17,9,180,526,154,98,299,1747,UNDETERMINED,All Devices,2/19/19
13915,15536,265,46,177,33,7,1,1,0,302,CUSTOMER,Tablet,2/19/19
91,107,1,0,0,0,1,0,0,0,1,UNDETERMINED,Gaming Console,2/19/19
254518,287271,4380,1064,2586,584,89,31,10,16,5039,CUSTOMER,All Devices,2/19/19
150879,167135,3385,806,2091,410,43,19,5,11,3819,CUSTOMER,Desktop,2/19/19
15405,19298,75,1,0,3,56,9,0,6,89,PROSPECT,Mobile Phone,2/19/19
286630,325028,1135,215,318,204,266,76,28,28,1554,All Visitors,Mobile Phone,2/19/19
7,9,0,0,0,0,0,0,0,0,0,CUSTOMER,Gaming Console,2/19/19
338277,370976,4332,821,2101,519,418,122,66,285,5010,All Visitors,Desktop,2/19/19
2941,3439,3,0,0,2,0,0,0,1,3,PROSPECT,Tablet,2/19/19
37725,41454,338,47,177,50,24,7,19,14,396,All Visitors,Tablet,2/19/19
36820,44476,145,2,1,9,96,20,5,12,179,PROSPECT,All Devices,2/19/19
662657,737587,5807,1083,2596,773,710,205,113,327,6928,All Visitors,All Devices,2/19/19
18469,21726,66,1,1,4,39,11,5,5,86,PROSPECT,Desktop,2/19/19
12,13,1,0,0,0,1,0,0,0,1,PROSPECT,Gaming Console,2/19/19
181657,201139,330,2,0,60,171,56,24,17,547,UNDETERMINED,Mobile Phone,2/19/19
110,129,2,0,0,0,2,0,0,0,2,All Visitors,Gaming Console,2/19/19
169224,182115,882,14,9,105,337,92,56,269,1118,UNDETERMINED,Desktop,2/19/19
89765,104591,730,212,318,141,39,11,4,5,926,CUSTOMER,Mobile Phone,2/19/19
20888,22479,70,1,0,15,17,6,18,13,91,UNDETERMINED,Tablet,2/19/19
2726,2791,0,0,0,0,0,0,0,0,0,UNDETERMINED,Gaming Console,3/27/19
6185,6319,57,21,22,10,3,1,0,0,80,CUSTOMER,All Devices,3/27/19
2103,2139,31,10,13,7,1,0,0,0,46,CUSTOMER,Desktop,3/27/19
1382,1430,3,0,0,0,1,2,0,0,6,PROSPECT,Mobile Phone,3/27/19
358725,404264,1533,208,573,211,315,117,44,65,2282,All Visitors,Mobile Phone,3/27/19
1,1,0,0,0,0,0,0,0,0,0,CUSTOMER,Gaming Console,3/27/19
265624,289477,4392,880,2438,513,355,94,38,74,5182,All Visitors,Desktop,3/27/19
142,147,0,0,0,0,0,0,0,0,0,PROSPECT,Tablet,3/27/19
38629,42321,408,47,222,61,40,7,11,20,496,All Visitors,Tablet,3/27/19
2221,2304,3,0,0,0,1,2,0,0,9,PROSPECT,All Devices,3/27/19
665719,738967,6333,1135,3233,785,710,218,93,159,7870,All Visitors,All Devices,3/27/19
584,614,0,0,0,0,0,0,0,0,3,PROSPECT,Desktop,3/27/19
113,113,0,0,0,0,0,0,0,0,0,PROSPECT,Gaming Console,3/27/19
354743,399076,1506,197,566,208,312,114,44,65,2250,UNDETERMINED,Mobile Phone,3/27/19
2829,2905,0,0,0,0,0,0,0,0,0,All Visitors,Gaming Console,3/27/19
263239,286724,4361,870,2425,506,354,94,38,74,5137,UNDETERMINED,Desktop,3/27/19
3668,3758,24,11,7,3,2,1,0,0,32,CUSTOMER,Mobile Phone,3/27/19
38170,41753,406,47,220,61,40,7,11,20,492,UNDETERMINED,Tablet,3/27/19
658794,730344,6273,1114,3211,775,706,215,93,159,7792,UNDETERMINED,All Devices,3/27/19
413,421,2,0,2,0,0,0,0,0,4,CUSTOMER,Tablet,3/27/19
22154,26063,90,1,0,10,67,8,0,4,137,PROSPECT,Desktop,2/14/19
19,20,0,0,0,0,0,0,0,0,0,PROSPECT,Gaming Console,2/14/19
174687,190748,262,4,2,32,166,43,11,4,443,UNDETERMINED,Mobile Phone,2/14/19
115,130,0,0,0,0,0,0,0,0,0,All Visitors,Gaming Console,2/14/19
157083,167686,576,11,5,37,232,49,24,218,735,UNDETERMINED,Desktop,2/14/19
1,1,0,0,0,0,0,0,0,0,0,UNDETERMINED,E-Reader,2/14/19
82352,97445,690,170,344,114,44,11,4,3,948,CUSTOMER,Mobile Phone,2/14/19
19510,20785,29,0,0,2,21,5,0,1,41,UNDETERMINED,Tablet,2/14/19
351345,379315,867,15,7,71,419,97,35,223,1208,UNDETERMINED,All Devices,2/14/19
13313,14844,259,55,162,32,2,5,3,0,302,CUSTOMER,Tablet,2/14/19
86,95,0,0,0,0,0,0,0,0,0,UNDETERMINED,Gaming Console,2/14/19
239925,272976,4063,911,2498,495,97,40,15,7,4827,CUSTOMER,All Devices,2/14/19
144290,160672,3114,686,1992,349,51,24,8,4,3601,CUSTOMER,Desktop,2/14/19
20957,26257,95,1,1,8,67,8,4,6,124,PROSPECT,Mobile Phone,2/14/19
277593,314450,1047,175,347,154,277,62,19,13,1509,All Visitors,Mobile Phone,2/14/19
10,15,0,0,0,0,0,0,0,0,0,CUSTOMER,Gaming Console,2/14/19
323082,354421,3780,698,1997,396,350,81,32,226,4465,All Visitors,Desktop,2/14/19
1,1,0,0,0,0,0,0,0,0,0,All Visitors,E-Reader,2/14/19
3754,4340,15,0,0,3,10,0,1,1,15,PROSPECT,Tablet,2/14/19
36528,39969,303,55,162,37,33,10,4,2,358,All Visitors,Tablet,2/14/19
46875,56680,200,2,1,21,144,16,5,11,275,PROSPECT,All Devices,2/14/19
637245,708971,5130,928,2506,587,660,153,55,241,6273,All Visitors,All Devices,2/14/19
13063,14214,57,2,0,5,42,7,1,0,79,PROSPECT,All Devices,3/28/19
686746,759354,6075,1191,2910,871,688,204,78,133,7533,All Visitors,All Devices,3/28/19
5172,5627,25,1,0,3,19,1,1,0,33,PROSPECT,Desktop,3/28/19
274,286,0,0,0,0,0,0,0,0,0,PROSPECT,Gaming Console,3/28/19
340539,376922,1240,151,391,220,300,121,21,36,1829,UNDETERMINED,Mobile Phone,3/28/19
3083,3242,2,0,1,0,1,0,0,0,3,All Visitors,Gaming Console,3/28/19
225137,241472,3203,735,1574,405,302,60,46,81,3808,UNDETERMINED,Desktop,3/28/19
32990,35114,265,61,126,56,11,9,0,2,393,CUSTOMER,Mobile Phone,3/28/19
35277,38251,296,38,169,43,25,4,5,12,363,UNDETERMINED,Tablet,3/28/19
603708,659597,4741,924,2135,668,628,185,72,129,5959,UNDETERMINED,All Devices,3/28/19
4031,4229,48,10,32,4,0,1,0,1,59,CUSTOMER,Tablet,3/28/19
2828,2952,2,0,1,0,1,0,0,0,3,UNDETERMINED,Gaming Console,3/28/19
81411,85543,1277,265,775,198,18,12,5,4,1553,CUSTOMER,All Devices,3/28/19
44397,46196,964,194,617,138,7,2,5,1,1106,CUSTOMER,Desktop,3/28/19
6813,7443,31,1,0,2,23,5,0,0,45,PROSPECT,Mobile Phone,3/28/19
374065,419479,1536,213,517,278,334,135,21,38,2243,All Visitors,Mobile Phone,3/28/19
4,4,0,0,0,0,0,0,0,0,0,CUSTOMER,Gaming Console,3/28/19
270177,293295,4192,930,2191,546,328,63,52,82,4932,All Visitors,Desktop,3/28/19
804,858,1,0,0,0,0,1,0,0,1,PROSPECT,Tablet,3/28/19
39525,43338,345,48,201,47,25,6,5,13,421,All Visitors,Tablet,3/28/19