visitor,order,customer,device,date,rate,visitor_anomaly_arima,visitor_anomaly_stl,visitor_anomaly_twitter,order_anomaly_arima,order_anomaly_stl,order_anomaly_twitter,rate_anomaly_arima,rate_anomaly_stl,rate_anomaly_twitter
644248,5735,All Visitors,All Devices,2019-02-01,0.00890185146092809,0,0,0,0,0,0,0,0,0
600854,5154,All Visitors,All Devices,2019-02-02,0.008577790944222723,0,0,0,0,0,0,0,0,0
452830,3374,All Visitors,All Devices,2019-02-03,0.007450919771216571,1,1,1,1,1,1,0,0,0
636388,5633,All Visitors,All Devices,2019-02-04,0.008851518256158193,0,0,0,0,0,0,0,0,0
638629,5693,All Visitors,All Devices,2019-02-05,0.008914408835176605,0,0,0,0,0,0,0,0,0
635154,5445,All Visitors,All Devices,2019-02-06,0.008572724095258787,0,0,0,0,0,0,0,0,0
696833,6312,All Visitors,All Devices,2019-02-07,0.009058124399963837,0,0,0,0,0,0,0,0,0
710880,6088,All Visitors,All Devices,2019-02-08,0.008564033310826018,0,0,0,0,0,0,0,0,0
653226,5653,All Visitors,All Devices,2019-02-09,0.008653972744501902,0,0,0,0,0,0,0,0,0
637810,5017,All Visitors,All Devices,2019-02-10,0.007865978896536585,0,0,0,0,0,0,0,0,0
696586,6118,All Visitors,All Devices,2019-02-11,0.008782835141676692,0,0,0,0,0,0,0,0,0
662052,6043,All Visitors,All Devices,2019-02-12,0.009127681813513137,0,0,0,0,0,0,0,0,0
668065,5708,All Visitors,All Devices,2019-02-13,0.008544078794728058,0,0,0,0,0,0,0,0,0
637245,5130,All Visitors,All Devices,2019-02-14,0.008050278935103454,0,0,0,0,0,0,0,0,0
665895,5608,All Visitors,All Devices,2019-02-15,0.008421748173510839,0,0,0,0,0,0,0,0,0
631231,5145,All Visitors,All Devices,2019-02-16,0.00815074037872031,0,0,0,0,0,0,0,0,0
603395,4722,All Visitors,All Devices,2019-02-17,0.007825719470661838,0,0,0,0,0,0,0,0,0
682920,6217,All Visitors,All Devices,2019-02-18,0.009103555321267498,0,0,0,0,0,0,0,0,0
662657,5807,All Visitors,All Devices,2019-02-19,0.008763206304317317,0,0,0,0,0,0,0,0,0
796812,8041,All Visitors,All Devices,2019-02-20,0.010091464485976616,1,1,1,1,1,1,0,0,0
835134,8312,All Visitors,All Devices,2019-02-21,0.009952893787104823,1,1,1,0,1,1,0,0,0
788164,13084,All Visitors,All Devices,2019-02-22,0.016600605965255963,0,1,1,1,1,1,1,1,1
689473,6448,All Visitors,All Devices,2019-02-23,0.009352070349382789,0,0,0,1,0,0,1,0,0
679961,6259,All Visitors,All Devices,2019-02-24,0.009204939695070746,0,0,0,0,1,1,0,0,0
701911,6673,All Visitors,All Devices,2019-02-25,0.009506903296856724,0,0,0,0,0,0,0,0,0
694324,6481,All Visitors,All Devices,2019-02-26,0.00933425893386949,0,0,0,0,0,0,0,0,0
712073,7928,All Visitors,All Devices,2019-02-27,0.011133689944710725,0,0,0,0,1,1,0,0,0
636347,6919,All Visitors,All Devices,2019-02-28,0.010872998536961751,0,0,0,0,0,0,0,0,0
681591,7786,All Visitors,All Devices,2019-03-01,0.011423272901197346,0,0,0,0,1,1,0,0,0
617902,6862,All Visitors,All Devices,2019-03-02,0.011105320908493579,0,0,0,0,1,1,0,0,0
584435,6747,All Visitors,All Devices,2019-03-03,0.011544483133282572,0,0,0,0,1,1,0,0,0
664686,7609,All Visitors,All Devices,2019-03-04,0.011447510553855504,0,0,0,0,1,1,0,0,0
639790,7051,All Visitors,All Devices,2019-03-05,0.01102080370121446,0,0,0,0,0,0,0,0,0
630434,7331,All Visitors,All Devices,2019-03-06,0.011628497193996517,0,0,0,0,1,1,0,0,0
525185,5479,All Visitors,All Devices,2019-03-07,0.01043251425688091,1,1,1,0,0,0,0,0,0
674127,7006,All Visitors,All Devices,2019-03-08,0.010392700485220145,0,0,0,0,0,0,0,0,0
559375,5877,All Visitors,All Devices,2019-03-09,0.010506368715083798,1,1,1,0,0,0,0,0,0
535700,5308,All Visitors,All Devices,2019-03-10,0.009908530894157178,0,1,1,0,0,0,0,0,0
629173,6393,All Visitors,All Devices,2019-03-11,0.010160957320164725,0,0,0,0,0,0,0,0,0
657024,6110,All Visitors,All Devices,2019-03-12,0.00929950808494058,0,0,0,0,0,0,0,0,0
693097,6563,All Visitors,All Devices,2019-03-13,0.009469093070666876,0,0,0,0,0,0,0,0,0
742669,6818,All Visitors,All Devices,2019-03-14,0.009180402036438844,0,1,1,0,0,0,0,0,0
642488,6460,All Visitors,All Devices,2019-03-15,0.010054662499533065,0,0,0,0,0,0,0,0,0
580696,5713,All Visitors,All Devices,2019-03-16,0.0098381941669996,0,0,0,0,0,0,0,0,0
571953,5458,All Visitors,All Devices,2019-03-17,0.009542742148393311,0,0,0,0,0,0,0,0,0
616042,6132,All Visitors,All Devices,2019-03-18,0.00995386678181033,0,0,0,0,0,0,0,0,0
609722,6521,All Visitors,All Devices,2019-03-19,0.01069503806652868,0,0,0,0,0,0,0,0,0
644274,6366,All Visitors,All Devices,2019-03-20,0.009880889186898742,0,0,0,0,0,0,0,0,0
653760,5783,All Visitors,All Devices,2019-03-21,0.008845753793441017,0,0,0,0,0,0,0,0,0
672620,6296,All Visitors,All Devices,2019-03-22,0.009360411525081026,0,0,0,0,0,0,0,0,0
590888,5298,All Visitors,All Devices,2019-03-23,0.008966166177008164,0,1,1,0,0,0,0,0,0
567274,4873,All Visitors,All Devices,2019-03-24,0.008590205086078332,0,1,1,0,0,0,0,0,0
647800,6545,All Visitors,All Devices,2019-03-25,0.010103426983636926,0,0,0,0,0,0,0,0,0
654935,6258,All Visitors,All Devices,2019-03-26,0.009555146693946727,0,0,0,0,0,0,0,0,0
665719,6333,All Visitors,All Devices,2019-03-27,0.009513022761855979,0,0,0,0,0,0,0,0,0
686746,6075,All Visitors,All Devices,2019-03-28,0.008846065357497532,0,1,1,0,0,0,0,0,0
706084,6060,All Visitors,All Devices,2019-03-29,0.008582548252049332,0,0,0,0,0,0,0,0,0
624053,5448,All Visitors,All Devices,2019-03-30,0.00873002773802866,0,0,0,0,0,0,0,0,0
599866,5447,All Visitors,All Devices,2019-03-31,0.00908036128068602,0,0,0,0,0,0,0,0,0
79575,833,CUSTOMER,Mobile Phone,2019-02-01,0.010468111844172165,0,0,0,0,0,0,0,0,0
82752,970,CUSTOMER,Mobile Phone,2019-02-02,0.011721771075019335,0,0,0,0,0,0,0,0,0
32030,294,CUSTOMER,Mobile Phone,2019-02-03,0.009178894786137995,1,1,1,1,1,1,0,0,0
48238,485,CUSTOMER,Mobile Phone,2019-02-04,0.01005431402628633,0,1,1,0,0,1,0,0,0
77440,795,CUSTOMER,Mobile Phone,2019-02-05,0.010266012396694215,0,0,0,0,0,0,0,0,0
79075,787,CUSTOMER,Mobile Phone,2019-02-06,0.009952576667720519,0,0,0,0,0,0,0,0,0
93770,998,CUSTOMER,Mobile Phone,2019-02-07,0.010643062813266503,0,0,0,0,0,0,0,0,0
85898,893,CUSTOMER,Mobile Phone,2019-02-08,0.010396051130410486,0,0,0,0,0,0,0,0,0
91830,1021,CUSTOMER,Mobile Phone,2019-02-09,0.01111837090275509,0,0,0,0,0,0,0,0,0
86474,871,CUSTOMER,Mobile Phone,2019-02-10,0.010072391701551912,0,0,0,0,0,0,0,0,0
78626,816,CUSTOMER,Mobile Phone,2019-02-11,0.01037824638160405,0,0,0,0,0,0,0,0,0
88257,810,CUSTOMER,Mobile Phone,2019-02-12,0.009177742275400252,0,0,0,0,0,0,0,0,0
83362,767,CUSTOMER,Mobile Phone,2019-02-13,0.00920083491279,0,0,0,0,0,0,0,0,0
82352,690,CUSTOMER,Mobile Phone,2019-02-14,0.008378667184767825,0,0,0,0,0,0,0,0,0
85510,851,CUSTOMER,Mobile Phone,2019-02-15,0.009952052391533154,0,0,0,0,0,0,0,0,0
88728,947,CUSTOMER,Mobile Phone,2019-02-16,0.010673068253538906,0,0,0,0,0,0,0,0,0
80231,763,CUSTOMER,Mobile Phone,2019-02-17,0.009510039760192445,0,0,0,0,0,0,0,0,0
80245,815,CUSTOMER,Mobile Phone,2019-02-18,0.01015639603713627,0,0,0,0,0,0,0,0,0
89765,730,CUSTOMER,Mobile Phone,2019-02-19,0.008132345568985684,0,0,0,0,0,0,0,0,0
107535,1250,CUSTOMER,Mobile Phone,2019-02-20,0.011624122378760404,0,0,0,1,1,1,1,0,0
114936,1243,CUSTOMER,Mobile Phone,2019-02-21,0.010814714275770864,0,0,0,0,0,0,0,0,0
13225,118,CUSTOMER,Mobile Phone,2019-02-22,0.008922495274102079,1,1,1,1,1,1,0,0,0
101177,1232,CUSTOMER,Mobile Phone,2019-02-23,0.012176680470858,0,0,0,1,1,1,1,0,0
90549,1096,CUSTOMER,Mobile Phone,2019-02-24,0.012103943721079195,0,0,0,0,0,1,0,0,0
78615,864,CUSTOMER,Mobile Phone,2019-02-25,0.010990269032627361,0,0,0,0,0,0,0,0,0
98984,925,CUSTOMER,Mobile Phone,2019-02-26,0.009344944637517175,0,0,0,0,0,0,0,0,0
97140,1207,CUSTOMER,Mobile Phone,2019-02-27,0.012425365451925057,0,0,0,0,1,1,1,0,0
83127,899,CUSTOMER,Mobile Phone,2019-02-28,0.010814777388814706,0,0,0,0,0,0,0,0,0
100142,1138,CUSTOMER,Mobile Phone,2019-03-01,0.011363863314093987,0,0,0,0,0,0,0,0,0
96279,1251,CUSTOMER,Mobile Phone,2019-03-02,0.012993487676440344,0,0,0,0,0,1,0,0,0
86839,1196,CUSTOMER,Mobile Phone,2019-03-03,0.01377261368739852,0,0,0,0,1,1,0,1,1
83807,999,CUSTOMER,Mobile Phone,2019-03-04,0.011920245325569463,0,0,0,0,1,1,0,0,0
80715,931,CUSTOMER,Mobile Phone,2019-03-05,0.011534411199900885,0,0,0,0,0,0,0,0,0
81075,933,CUSTOMER,Mobile Phone,2019-03-06,0.011507863089731729,0,0,0,0,0,0,0,0,0
52630,458,CUSTOMER,Mobile Phone,2019-03-07,0.008702261067832034,0,1,1,1,1,1,1,0,0
84348,902,CUSTOMER,Mobile Phone,2019-03-09,0.01069379238393323,0,0,0,0,0,0,0,0,0
80212,880,CUSTOMER,Mobile Phone,2019-03-10,0.010970927043335162,0,0,0,0,0,0,0,0,0
78720,809,CUSTOMER,Mobile Phone,2019-03-11,0.010276930894308943,0,0,0,0,0,0,0,0,0
77045,767,CUSTOMER,Mobile Phone,2019-03-12,0.009955220974755014,0,0,0,0,0,0,0,0,0
99062,1013,CUSTOMER,Mobile Phone,2019-03-13,0.010225919121358342,0,0,0,0,0,0,0,0,0
100942,930,CUSTOMER,Mobile Phone,2019-03-14,0.009213211547225139,0,0,0,0,0,0,0,0,0
79729,876,CUSTOMER,Mobile Phone,2019-03-15,0.01098721920505713,0,0,0,0,0,0,0,0,0
79729,936,CUSTOMER,Mobile Phone,2019-03-16,0.011739768465677482,0,0,0,0,0,0,0,0,0
73535,889,CUSTOMER,Mobile Phone,2019-03-17,0.012089481199428844,0,0,0,0,0,0,0,0,0
73321,745,CUSTOMER,Mobile Phone,2019-03-18,0.010160799770870555,0,0,0,0,0,0,0,0,0
84161,688,CUSTOMER,Mobile Phone,2019-03-19,0.008174807808842575,0,0,0,0,0,0,0,0,0
108307,806,CUSTOMER,Mobile Phone,2019-03-20,0.007441808932017321,0,0,0,0,0,0,0,0,0
56338,374,CUSTOMER,Mobile Phone,2019-03-21,0.006638503319251659,0,1,1,1,1,1,0,1,1
104594,947,CUSTOMER,Mobile Phone,2019-03-22,0.009054056638048072,0,0,0,0,0,0,0,0,0
99720,951,CUSTOMER,Mobile Phone,2019-03-23,0.0095367027677497,0,0,0,0,0,0,0,0,0
92998,825,CUSTOMER,Mobile Phone,2019-03-24,0.008871158519538054,0,0,0,0,0,0,0,0,0
93418,850,CUSTOMER,Mobile Phone,2019-03-25,0.009098888865100943,0,0,0,0,0,0,0,0,0
94023,781,CUSTOMER,Mobile Phone,2019-03-26,0.00830647820214203,0,0,0,0,0,0,0,0,0
3668,24,CUSTOMER,Mobile Phone,2019-03-27,0.006543075245365322,1,1,1,1,1,1,1,0,0
32990,265,CUSTOMER,Mobile Phone,2019-03-28,0.008032737193088816,1,1,1,1,1,1,0,0,0
108682,937,CUSTOMER,Mobile Phone,2019-03-29,0.008621482858246996,0,0,0,0,0,0,0,0,0
108058,1050,CUSTOMER,Mobile Phone,2019-03-30,0.009717003831275797,0,0,0,0,0,0,0,0,0
94933,980,CUSTOMER,Mobile Phone,2019-03-31,0.01032306995459956,0,0,0,0,0,0,0,0,0
154086,3389,CUSTOMER,Desktop,2019-02-01,0.021994211025012006,0,0,0,0,0,0,0,0,0
113781,2946,CUSTOMER,Desktop,2019-02-02,0.025891844859862366,0,0,0,0,0,0,0,0,0
41618,916,CUSTOMER,Desktop,2019-02-03,0.022009707338170984,1,1,1,1,1,1,0,0,0
110329,2413,CUSTOMER,Desktop,2019-02-04,0.021870949614335305,0,1,1,0,1,1,0,0,0
152234,3558,CUSTOMER,Desktop,2019-02-05,0.023371914289843268,0,0,0,0,0,0,0,0,0
150209,3329,CUSTOMER,Desktop,2019-02-06,0.022162453647917236,0,0,0,0,0,0,0,0,0
157491,3927,CUSTOMER,Desktop,2019-02-07,0.024934758176657714,0,0,0,0,0,0,0,0,0
153558,3734,CUSTOMER,Desktop,2019-02-08,0.024316544888576302,0,1,1,0,0,0,0,0,0
118793,3296,CUSTOMER,Desktop,2019-02-09,0.027745742594260603,0,0,0,0,0,0,0,0,0
113659,2910,CUSTOMER,Desktop,2019-02-10,0.025602899902339455,0,0,0,0,0,0,0,0,0
146228,3982,CUSTOMER,Desktop,2019-02-11,0.027231446781738108,0,0,0,0,0,0,0,0,0
144775,3911,CUSTOMER,Desktop,2019-02-12,0.02701433258504576,0,0,0,0,0,0,0,0,0
152603,3475,CUSTOMER,Desktop,2019-02-13,0.022771505147343107,0,0,0,0,0,0,0,0,0
144290,3114,CUSTOMER,Desktop,2019-02-14,0.0215815371820639,0,0,0,0,0,0,0,0,0
153677,3289,CUSTOMER,Desktop,2019-02-15,0.021402031533671272,0,0,0,0,0,0,0,0,0
116293,2727,CUSTOMER,Desktop,2019-02-16,0.023449390762986595,0,0,0,0,0,0,0,0,0
104522,2616,CUSTOMER,Desktop,2019-02-17,0.0250282237232353,0,0,0,0,0,0,0,0,0
146963,3666,CUSTOMER,Desktop,2019-02-18,0.02494505419731497,0,0,0,0,0,0,0,0,0
150879,3385,CUSTOMER,Desktop,2019-02-19,0.022435196415670836,0,0,0,0,0,0,0,0,0
177510,4292,CUSTOMER,Desktop,2019-02-20,0.0241789194974931,0,0,0,0,0,0,0,0,0
196099,5207,CUSTOMER,Desktop,2019-02-21,0.02655291459925854,0,0,0,1,0,0,0,0,0
18078,370,CUSTOMER,Desktop,2019-02-22,0.02046686580373935,1,1,1,1,1,1,1,1,1
123318,3552,CUSTOMER,Desktop,2019-02-23,0.028803580985744173,0,0,0,0,0,0,1,0,0
114164,3442,CUSTOMER,Desktop,2019-02-24,0.030149609333940647,0,0,0,0,0,0,0,0,0
158064,4095,CUSTOMER,Desktop,2019-02-25,0.025907227452171274,0,0,0,0,0,0,0,0,0
161411,3799,CUSTOMER,Desktop,2019-02-26,0.023536190222475543,0,0,0,0,0,0,0,0,0
160627,4469,CUSTOMER,Desktop,2019-02-27,0.027822221668835252,0,0,0,0,0,0,0,0,0
152206,4046,CUSTOMER,Desktop,2019-02-28,0.02658239491215852,0,0,0,0,0,0,0,0,0
173188,4778,CUSTOMER,Desktop,2019-03-01,0.02758851652539437,0,0,0,0,0,1,0,0,0
131073,3815,CUSTOMER,Desktop,2019-03-02,0.02910591807618655,0,0,0,0,0,0,0,0,0
123865,3897,CUSTOMER,Desktop,2019-03-03,0.031461671981592866,0,0,0,0,0,0,0,0,0
171400,4853,CUSTOMER,Desktop,2019-03-04,0.028313885647607933,0,0,0,0,0,0,0,0,0
162106,4505,CUSTOMER,Desktop,2019-03-05,0.027790458095320346,0,0,0,0,0,0,0,0,0
160509,4624,CUSTOMER,Desktop,2019-03-06,0.028808353425664606,0,0,0,0,0,0,0,0,0
102523,2480,CUSTOMER,Desktop,2019-03-07,0.024189694019878465,0,1,1,0,1,1,0,0,0
120220,3473,CUSTOMER,Desktop,2019-03-09,0.028888704042588587,0,0,0,0,0,0,0,0,0
112555,3033,CUSTOMER,Desktop,2019-03-10,0.026946825996179646,0,0,0,0,0,0,0,0,0
163301,3991,CUSTOMER,Desktop,2019-03-11,0.024439531907336758,0,0,0,0,0,0,0,0,0
161097,3820,CUSTOMER,Desktop,2019-03-12,0.02371242170866,0,0,0,0,0,0,0,0,0
171423,4154,CUSTOMER,Desktop,2019-03-13,0.024232454221428862,0,0,0,0,0,0,0,0,0
183308,4342,CUSTOMER,Desktop,2019-03-14,0.023686909463853188,0,0,0,0,0,0,0,0,0
164170,4061,CUSTOMER,Desktop,2019-03-15,0.024736553572516293,0,0,0,0,0,0,0,0,0
118499,3364,CUSTOMER,Desktop,2019-03-16,0.028388425218778216,0,0,1,0,0,0,0,0,0
108924,3213,CUSTOMER,Desktop,2019-03-17,0.02949763137600529,0,0,0,0,0,0,0,0,0
162348,3946,CUSTOMER,Desktop,2019-03-18,0.02430581220587873,0,1,1,0,0,0,0,0,0
160420,4151,CUSTOMER,Desktop,2019-03-19,0.025875825956863233,0,0,0,0,0,0,0,0,0
141595,3892,CUSTOMER,Desktop,2019-03-20,0.02748684628694516,0,0,0,0,0,0,0,0,0
83629,1897,CUSTOMER,Desktop,2019-03-21,0.022683518875031387,0,1,1,1,1,1,0,0,0
141618,3812,CUSTOMER,Desktop,2019-03-22,0.02691748224095807,0,0,0,0,0,0,0,0,0
94438,3081,CUSTOMER,Desktop,2019-03-23,0.03262457908892607,0,0,0,0,0,0,1,0,0
86970,2756,CUSTOMER,Desktop,2019-03-24,0.031689088191330345,0,0,0,0,0,0,0,0,0
140771,4077,CUSTOMER,Desktop,2019-03-25,0.028961931079554738,0,0,0,0,0,0,0,0,0
134847,3666,CUSTOMER,Desktop,2019-03-26,0.027186366771229615,0,0,0,0,0,0,0,0,0
2103,31,CUSTOMER,Desktop,2019-03-27,0.014740846409890632,1,1,1,1,1,1,1,1,1
44397,964,CUSTOMER,Desktop,2019-03-28,0.02171317881838863,0,1,1,1,1,1,0,0,0
140633,3591,CUSTOMER,Desktop,2019-03-29,0.025534547367971956,0,0,0,0,0,0,0,0,0
92489,2879,CUSTOMER,Desktop,2019-03-30,0.03112802603552855,0,1,1,0,0,0,1,0,0
96786,2983,CUSTOMER,Desktop,2019-03-31,0.03082057322340008,0,0,0,0,0,0,0,0,0
14111,321,CUSTOMER,Tablet,2019-02-01,0.02274821061583162,0,0,0,0,0,0,0,0,0
15636,372,CUSTOMER,Tablet,2019-02-02,0.023791250959324637,0,0,0,0,0,0,0,0,0
6216,131,CUSTOMER,Tablet,2019-02-03,0.021074646074646073,1,1,1,1,1,1,0,0,0
7674,175,CUSTOMER,Tablet,2019-02-04,0.022804274172530625,0,1,1,0,1,1,0,0,0
13388,307,CUSTOMER,Tablet,2019-02-05,0.022930982969823724,0,0,0,0,0,0,0,0,0
13652,264,CUSTOMER,Tablet,2019-02-06,0.019337825959566363,0,0,0,0,0,0,0,0,0
14759,309,CUSTOMER,Tablet,2019-02-07,0.020936377803374213,0,0,0,0,0,0,0,0,0
14291,309,CUSTOMER,Tablet,2019-02-08,0.02162199986005178,0,0,0,0,0,0,0,0,0
16583,445,CUSTOMER,Tablet,2019-02-09,0.026834710245432068,0,0,0,0,0,0,0,0,0
16178,405,CUSTOMER,Tablet,2019-02-10,0.025033996785758437,0,0,0,0,0,0,0,0,0
13255,288,CUSTOMER,Tablet,2019-02-11,0.02172764994341758,0,0,0,0,0,0,0,0,0
14246,272,CUSTOMER,Tablet,2019-02-12,0.01909307875894988,0,0,0,0,0,0,0,0,0
13628,267,CUSTOMER,Tablet,2019-02-13,0.01959201643674787,0,0,0,0,0,0,0,0,0
13313,259,CUSTOMER,Tablet,2019-02-14,0.019454668369263125,0,0,0,0,0,0,0,0,0
14192,341,CUSTOMER,Tablet,2019-02-15,0.02402762119503946,0,0,0,0,0,0,0,0,0
15588,374,CUSTOMER,Tablet,2019-02-16,0.02399281498588658,0,0,0,0,0,0,0,0,0
14675,342,CUSTOMER,Tablet,2019-02-17,0.023304940374787052,0,0,0,0,0,0,0,0,0
14472,386,CUSTOMER,Tablet,2019-02-18,0.026672194582642344,0,0,0,0,0,0,0,0,0
13915,265,CUSTOMER,Tablet,2019-02-19,0.019044196909809557,0,0,0,0,0,0,0,0,0
16598,333,CUSTOMER,Tablet,2019-02-20,0.020062658151584527,0,0,0,0,0,0,0,0,0
16735,362,CUSTOMER,Tablet,2019-02-21,0.02163131162234837,0,0,0,0,0,0,0,0,0
1827,35,CUSTOMER,Tablet,2019-02-22,0.019157088122605363,1,1,1,1,1,1,0,1,1
16956,491,CUSTOMER,Tablet,2019-02-23,0.02895730125029488,1,0,0,1,0,0,1,0,0
16051,412,CUSTOMER,Tablet,2019-02-24,0.025668182667746557,0,0,0,0,0,0,0,0,0
12712,345,CUSTOMER,Tablet,2019-02-25,0.027139710509754562,0,0,0,0,0,0,0,0,0
13496,350,CUSTOMER,Tablet,2019-02-26,0.025933609958506226,0,0,0,0,0,0,0,0,0
13761,370,CUSTOMER,Tablet,2019-02-27,0.026887580844415376,0,0,0,0,0,0,0,1,1
12091,310,CUSTOMER,Tablet,2019-02-28,0.02563890497063932,0,0,0,0,0,0,0,0,0
16156,383,CUSTOMER,Tablet,2019-03-01,0.023706362961128994,0,0,0,0,0,0,0,0,0
16966,556,CUSTOMER,Tablet,2019-03-02,0.03277142520334787,0,0,0,1,1,1,1,1,1
16062,467,CUSTOMER,Tablet,2019-03-03,0.02907483501431951,0,0,0,0,0,1,0,0,0
13987,372,CUSTOMER,Tablet,2019-03-04,0.02659612497318939,0,0,0,0,0,0,0,0,0
13119,356,CUSTOMER,Tablet,2019-03-05,0.027136214650506897,0,0,0,0,0,0,0,0,0
13354,381,CUSTOMER,Tablet,2019-03-06,0.02853077729519245,0,0,0,0,0,0,0,1,1
7143,149,CUSTOMER,Tablet,2019-03-07,0.020859582808343834,0,1,1,1,1,1,0,0,0
15535,431,CUSTOMER,Tablet,2019-03-09,0.02774380431284197,0,0,0,1,0,0,0,0,0
15064,386,CUSTOMER,Tablet,2019-03-10,0.025624004248539566,0,0,0,0,0,0,0,0,0
13290,326,CUSTOMER,Tablet,2019-03-11,0.02452972159518435,0,0,0,0,0,0,0,0,0
13030,291,CUSTOMER,Tablet,2019-03-12,0.022333077513430544,0,0,0,0,0,0,0,0,0
14354,322,CUSTOMER,Tablet,2019-03-13,0.02243277135293298,0,0,0,0,0,0,0,0,0
16640,295,CUSTOMER,Tablet,2019-03-14,0.017728365384615384,0,0,0,0,0,0,0,0,0
14116,322,CUSTOMER,Tablet,2019-03-15,0.022810994616038537,0,0,0,0,0,0,0,0,0
14494,405,CUSTOMER,Tablet,2019-03-16,0.02794259693666345,0,0,0,0,0,0,0,0,0
13710,356,CUSTOMER,Tablet,2019-03-17,0.025966447848285924,0,0,0,0,0,0,0,0,0
12733,317,CUSTOMER,Tablet,2019-03-18,0.02489593968428493,0,0,0,0,0,0,0,0,0
13839,317,CUSTOMER,Tablet,2019-03-19,0.02290627935544476,0,0,0,0,0,0,0,0,0
15423,361,CUSTOMER,Tablet,2019-03-20,0.023406600531673476,0,0,0,0,0,0,0,0,0
7882,142,CUSTOMER,Tablet,2019-03-21,0.01801573204770363,0,1,1,1,1,1,0,0,0
17231,314,CUSTOMER,Tablet,2019-03-22,0.0182229702280773,0,0,0,0,0,0,0,0,0
16224,416,CUSTOMER,Tablet,2019-03-23,0.02564102564102564,0,0,0,0,0,0,0,0,0
15487,414,CUSTOMER,Tablet,2019-03-24,0.026732097888551687,0,0,0,0,0,0,0,0,0
14217,327,CUSTOMER,Tablet,2019-03-25,0.023000633044946192,0,0,0,0,0,0,0,0,0
13932,296,CUSTOMER,Tablet,2019-03-26,0.02124605225380419,0,0,0,0,0,0,0,0,0
413,2,CUSTOMER,Tablet,2019-03-27,0.004842615012106538,1,1,1,1,1,1,1,1,1
4031,48,CUSTOMER,Tablet,2019-03-28,0.011907715207144629,1,1,1,1,1,1,0,1,1
15102,303,CUSTOMER,Tablet,2019-03-29,0.02006356773937227,0,0,0,0,0,0,0,0,0
16125,464,CUSTOMER,Tablet,2019-03-30,0.028775193798449613,0,0,0,0,0,0,0,0,0
16201,409,CUSTOMER,Tablet,2019-03-31,0.025245355224986114,0,0,0,0,0,0,0,0,0
171096,346,UNDETERMINED,Mobile Phone,2019-02-01,0.002022256510964605,0,0,0,0,0,0,0,0,0
186678,268,UNDETERMINED,Mobile Phone,2019-02-02,0.0014356271226389826,0,0,0,0,0,0,0,0,0
189335,597,UNDETERMINED,Mobile Phone,2019-02-03,0.0031531412575593527,0,0,0,0,1,1,0,1,1
213592,623,UNDETERMINED,Mobile Phone,2019-02-04,0.0029167759092100826,0,0,0,0,1,1,0,1,1
176346,272,UNDETERMINED,Mobile Phone,2019-02-05,0.00154242228346546,0,0,0,0,0,0,0,0,0
171252,279,UNDETERMINED,Mobile Phone,2019-02-06,0.0016291780533949968,0,0,0,0,0,0,0,0,0
199045,314,UNDETERMINED,Mobile Phone,2019-02-07,0.001577532718731945,0,0,0,0,0,0,0,1,1
214753,360,UNDETERMINED,Mobile Phone,2019-02-08,0.001676344451532691,0,0,0,0,1,1,0,1,1
208904,287,UNDETERMINED,Mobile Phone,2019-02-09,0.0013738367862750353,0,0,0,0,0,0,0,0,0
207942,249,UNDETERMINED,Mobile Phone,2019-02-10,0.0011974492887439766,0,0,0,0,0,0,0,0,0
208457,250,UNDETERMINED,Mobile Phone,2019-02-11,0.0011992881025823072,0,0,0,0,0,0,0,0,0
183123,251,UNDETERMINED,Mobile Phone,2019-02-12,0.0013706634338668546,0,0,0,0,0,0,0,0,0
181897,280,UNDETERMINED,Mobile Phone,2019-02-13,0.0015393326992748644,0,0,0,0,0,0,0,0,0
174687,262,UNDETERMINED,Mobile Phone,2019-02-14,0.0014998254020047285,0,0,0,0,0,0,0,0,0
185715,294,UNDETERMINED,Mobile Phone,2019-02-15,0.0015830708343429448,0,0,0,0,0,0,0,0,0
196988,257,UNDETERMINED,Mobile Phone,2019-02-16,0.001304647998862875,0,0,0,0,0,0,0,0,0
199485,247,UNDETERMINED,Mobile Phone,2019-02-17,0.0012381883349625285,0,0,0,0,0,0,0,0,0
204151,338,UNDETERMINED,Mobile Phone,2019-02-18,0.0016556372488990992,0,0,0,0,0,0,0,0,0
181657,330,UNDETERMINED,Mobile Phone,2019-02-19,0.0018166104251418882,0,0,0,0,0,0,0,0,0
218535,605,UNDETERMINED,Mobile Phone,2019-02-20,0.0027684352620861645,0,0,0,0,1,1,0,1,1
230827,403,UNDETERMINED,Mobile Phone,2019-02-21,0.001745896277298583,0,0,0,0,0,0,0,1,1
350355,3463,UNDETERMINED,Mobile Phone,2019-02-22,0.009884260250317535,1,1,1,1,1,1,1,1,1
234022,354,UNDETERMINED,Mobile Phone,2019-02-23,0.0015126782952030152,0,0,0,0,0,0,0,0,0
243693,435,UNDETERMINED,Mobile Phone,2019-02-24,0.001785032807671948,0,0,0,0,1,1,0,0,0
212441,355,UNDETERMINED,Mobile Phone,2019-02-25,0.001671052198022039,0,0,0,0,0,0,0,0,0
188153,398,UNDETERMINED,Mobile Phone,2019-02-26,0.002115299782623716,0,0,0,0,0,0,0,0,0
206058,552,UNDETERMINED,Mobile Phone,2019-02-27,0.002678857409078997,0,0,0,0,1,1,0,1,1
172959,431,UNDETERMINED,Mobile Phone,2019-02-28,0.0024919200504165727,0,0,0,0,0,0,0,0,1
178163,364,UNDETERMINED,Mobile Phone,2019-03-01,0.0020430729163743314,0,0,0,0,0,0,0,0,0
179557,330,UNDETERMINED,Mobile Phone,2019-03-02,0.0018378565023919981,0,0,0,0,0,0,0,0,0
169495,340,UNDETERMINED,Mobile Phone,2019-03-03,0.0020059588778430044,0,0,0,0,0,0,0,0,0
165571,323,UNDETERMINED,Mobile Phone,2019-03-04,0.0019508247217205912,0,0,0,0,0,0,0,0,0
160405,309,UNDETERMINED,Mobile Phone,2019-03-05,0.0019263738661513044,0,0,0,0,0,0,0,0,0
156066,316,UNDETERMINED,Mobile Phone,2019-03-06,0.0020247843860930633,0,0,0,0,0,0,0,0,0
166757,513,UNDETERMINED,Mobile Phone,2019-03-07,0.003076332627715778,0,0,0,0,0,1,0,0,0
285902,1411,UNDETERMINED,Mobile Phone,2019-03-08,0.00493525753579898,1,1,1,1,0,0,1,0,0
172370,300,UNDETERMINED,Mobile Phone,2019-03-09,0.0017404420722863607,1,0,0,0,0,0,0,0,0
159871,245,UNDETERMINED,Mobile Phone,2019-03-10,0.001532485566487981,0,0,0,0,0,0,0,0,0
162171,290,UNDETERMINED,Mobile Phone,2019-03-11,0.0017882358744781743,0,0,0,0,0,0,0,0,0
172380,304,UNDETERMINED,Mobile Phone,2019-03-12,0.0017635456549483699,0,0,0,0,0,0,0,0,0
175752,238,UNDETERMINED,Mobile Phone,2019-03-13,0.0013541808912558605,0,0,0,0,0,0,0,0,0
205591,335,UNDETERMINED,Mobile Phone,2019-03-14,0.0016294487599165333,0,0,0,0,0,0,0,0,0
165910,340,UNDETERMINED,Mobile Phone,2019-03-15,0.002049303839431017,0,0,0,0,0,0,0,0,0
169425,255,UNDETERMINED,Mobile Phone,2019-03-16,0.0015050907481186366,0,0,0,0,0,0,0,0,0
177973,282,UNDETERMINED,Mobile Phone,2019-03-17,0.0015845100099453288,0,0,0,0,0,0,0,0,0
145262,283,UNDETERMINED,Mobile Phone,2019-03-18,0.0019482039349589019,0,0,0,0,0,0,0,0,0
137946,342,UNDETERMINED,Mobile Phone,2019-03-19,0.0024792310034361274,0,0,0,0,0,0,0,0,1
196609,424,UNDETERMINED,Mobile Phone,2019-03-20,0.0021565645519788005,0,0,0,0,0,0,0,0,0
278565,801,UNDETERMINED,Mobile Phone,2019-03-21,0.0028754509719455066,1,1,1,0,1,1,0,0,0
231106,435,UNDETERMINED,Mobile Phone,2019-03-22,0.0018822531652142307,0,0,0,0,1,1,0,1,1
228567,344,UNDETERMINED,Mobile Phone,2019-03-23,0.0015050291599399738,0,0,0,0,0,0,0,0,0
223721,317,UNDETERMINED,Mobile Phone,2019-03-24,0.001416943425069618,0,0,0,0,0,0,0,0,0
211886,363,UNDETERMINED,Mobile Phone,2019-03-25,0.0017131853921448325,0,0,0,0,0,0,0,0,0
224407,457,UNDETERMINED,Mobile Phone,2019-03-26,0.002036478362974417,0,0,0,0,0,0,0,0,0
354743,1506,UNDETERMINED,Mobile Phone,2019-03-27,0.004245326898628021,1,1,1,1,1,1,1,1,1
340539,1240,UNDETERMINED,Mobile Phone,2019-03-28,0.0036412863137555464,0,1,1,0,1,1,0,1,1
264810,460,UNDETERMINED,Mobile Phone,2019-03-29,0.0017370945205996751,0,1,1,0,0,0,0,0,0
253532,411,UNDETERMINED,Mobile Phone,2019-03-30,0.0016210971396115677,0,1,1,0,0,1,0,0,0
242940,420,UNDETERMINED,Mobile Phone,2019-03-31,0.001728821931341072,0,0,0,0,0,1,0,0,0
158023,586,UNDETERMINED,Desktop,2019-02-01,0.0037083209406225674,0,0,0,0,0,0,0,0,0
135686,377,UNDETERMINED,Desktop,2019-02-02,0.0027784738292823134,0,0,0,0,0,0,0,0,0
143947,1216,UNDETERMINED,Desktop,2019-02-03,0.00844755361348274,0,0,0,0,1,1,0,1,1
211332,1621,UNDETERMINED,Desktop,2019-02-04,0.0076703953968163836,0,0,1,0,1,1,0,1,1
160267,556,UNDETERMINED,Desktop,2019-02-05,0.003469210754553339,0,0,0,0,0,0,0,0,0
155046,535,UNDETERMINED,Desktop,2019-02-06,0.0034505888575003547,0,0,0,0,0,0,0,0,0
167437,534,UNDETERMINED,Desktop,2019-02-07,0.0031892592437752706,0,0,0,0,1,1,0,1,1
179007,571,UNDETERMINED,Desktop,2019-02-08,0.003189819392537722,0,0,0,0,0,0,0,1,1
144951,388,UNDETERMINED,Desktop,2019-02-09,0.002676766631482363,0,0,0,0,0,0,0,0,0
140591,353,UNDETERMINED,Desktop,2019-02-10,0.0025108292849471163,0,0,0,0,0,0,0,0,0
176326,528,UNDETERMINED,Desktop,2019-02-11,0.002994453455531232,0,0,0,0,0,0,0,0,0
160759,564,UNDETERMINED,Desktop,2019-02-12,0.0035083572303883453,0,0,0,0,0,0,0,0,0
168143,649,UNDETERMINED,Desktop,2019-02-13,0.003859809804749529,0,0,0,0,0,0,0,0,0
157083,576,UNDETERMINED,Desktop,2019-02-14,0.0036668512824430395,0,0,0,0,0,0,0,0,0
159781,554,UNDETERMINED,Desktop,2019-02-15,0.003467245792678729,0,0,0,0,0,0,0,0,0
143518,612,UNDETERMINED,Desktop,2019-02-16,0.0042642734709235075,0,0,0,0,0,0,0,0,0
140452,545,UNDETERMINED,Desktop,2019-02-17,0.003880329222794976,0,0,0,0,0,0,0,0,0
176174,797,UNDETERMINED,Desktop,2019-02-18,0.004523936562716406,0,0,0,0,0,0,0,0,0
169224,882,UNDETERMINED,Desktop,2019-02-19,0.0052120266628846975,0,0,0,0,0,0,0,0,0
196671,1235,UNDETERMINED,Desktop,2019-02-20,0.006279522654585577,0,0,1,0,1,1,0,0,0
193744,788,UNDETERMINED,Desktop,2019-02-21,0.004067222726897349,0,0,0,0,1,1,0,1,1
362604,8435,UNDETERMINED,Desktop,2019-02-22,0.023262291645982945,1,1,1,1,1,1,1,1,1
148827,593,UNDETERMINED,Desktop,2019-02-23,0.003984492061252326,0,0,0,0,0,0,0,0,0
152059,687,UNDETERMINED,Desktop,2019-02-24,0.004517983151276807,0,0,0,0,0,0,0,0,0
182449,837,UNDETERMINED,Desktop,2019-02-25,0.0045875833794649466,0,0,0,0,0,0,0,0,0
163959,729,UNDETERMINED,Desktop,2019-02-26,0.0044462335095969115,0,0,0,0,0,0,0,0,0
171731,975,UNDETERMINED,Desktop,2019-02-27,0.0056774839720260175,0,0,0,0,0,0,0,0,0
159513,906,UNDETERMINED,Desktop,2019-02-28,0.005679787854281469,0,0,0,0,0,0,0,0,0
148401,743,UNDETERMINED,Desktop,2019-03-01,0.005006704806571384,0,0,0,0,0,0,0,0,0
128910,613,UNDETERMINED,Desktop,2019-03-02,0.00475525560468544,0,0,0,0,0,0,0,0,0
124930,588,UNDETERMINED,Desktop,2019-03-03,0.004706635716000961,0,0,0,0,0,0,0,0,0
163578,743,UNDETERMINED,Desktop,2019-03-04,0.004542175598185575,0,0,0,0,0,0,0,0,0
160582,665,UNDETERMINED,Desktop,2019-03-05,0.00414118643434507,0,0,0,0,0,0,0,0,0
154545,757,UNDETERMINED,Desktop,2019-03-06,0.0048982497007344136,0,0,0,0,0,0,0,0,0
159627,1610,UNDETERMINED,Desktop,2019-03-07,0.010086013017847858,0,0,0,0,0,0,0,0,0
351146,5187,UNDETERMINED,Desktop,2019-03-08,0.014771633451612719,1,1,1,1,1,1,1,0,0
116158,586,UNDETERMINED,Desktop,2019-03-09,0.005044852700631898,1,0,0,0,0,0,0,0,0
111532,544,UNDETERMINED,Desktop,2019-03-10,0.004877523939317864,0,0,0,0,0,0,0,0,0
151662,705,UNDETERMINED,Desktop,2019-03-11,0.004648494678957155,0,0,0,0,0,0,0,0,0
170359,651,UNDETERMINED,Desktop,2019-03-12,0.0038213419895632163,0,0,0,0,0,0,0,0,0
167040,624,UNDETERMINED,Desktop,2019-03-13,0.003735632183908046,0,0,0,0,0,0,0,0,0
172120,642,UNDETERMINED,Desktop,2019-03-14,0.0037299558447594704,0,0,0,0,0,0,0,0,0
162931,600,UNDETERMINED,Desktop,2019-03-15,0.003682540461913325,0,0,0,0,0,0,0,0,0
135771,505,UNDETERMINED,Desktop,2019-03-16,0.0037194982728270395,0,0,0,0,0,0,0,0,0
136378,507,UNDETERMINED,Desktop,2019-03-17,0.003717608411913945,0,0,0,0,0,0,0,0,0
160134,618,UNDETERMINED,Desktop,2019-03-18,0.0038592678631645997,0,0,0,0,0,0,0,0,0
155500,750,UNDETERMINED,Desktop,2019-03-19,0.00482315112540193,0,0,0,0,0,0,0,0,0
124472,600,UNDETERMINED,Desktop,2019-03-20,0.004820361205733016,0,0,0,0,0,0,0,0,0
185557,2219,UNDETERMINED,Desktop,2019-03-21,0.01195858954391373,0,0,0,0,1,1,1,0,1
113672,472,UNDETERMINED,Desktop,2019-03-22,0.004152297839397565,0,1,1,0,0,0,0,1,1
83569,282,UNDETERMINED,Desktop,2019-03-23,0.0033744570355035957,0,1,1,0,0,0,0,0,0
79655,316,UNDETERMINED,Desktop,2019-03-24,0.003967108153913753,0,1,1,0,0,0,0,0,0
116726,613,UNDETERMINED,Desktop,2019-03-25,0.005251614892997276,0,1,1,0,0,0,0,0,0
121250,716,UNDETERMINED,Desktop,2019-03-26,0.005905154639175258,0,0,1,0,0,0,0,0,0
263239,4361,UNDETERMINED,Desktop,2019-03-27,0.016566694144864554,1,1,1,1,1,1,1,1,1
225137,3203,UNDETERMINED,Desktop,2019-03-28,0.014226892958509707,0,1,1,0,1,1,1,1,1
113833,527,UNDETERMINED,Desktop,2019-03-29,0.0046295889592648885,0,1,1,0,0,0,0,0,0
84151,378,UNDETERMINED,Desktop,2019-03-30,0.004491925229646707,0,1,1,0,0,0,0,0,0
85958,407,UNDETERMINED,Desktop,2019-03-31,0.004734870518160032,0,1,1,0,0,0,0,0,0
21371,40,UNDETERMINED,Tablet,2019-02-01,0.0018716952880071123,0,0,0,0,0,0,0,0,0
24742,50,UNDETERMINED,Tablet,2019-02-02,0.0020208552259316143,0,0,0,0,0,0,0,0,0
29660,157,UNDETERMINED,Tablet,2019-02-03,0.005293324342548887,0,0,0,0,1,1,0,1,1
29149,179,UNDETERMINED,Tablet,2019-02-04,0.006140862465264674,0,1,1,0,1,1,0,1,1
21429,41,UNDETERMINED,Tablet,2019-02-05,0.0019132950674319847,0,0,0,0,0,0,0,0,0
22085,37,UNDETERMINED,Tablet,2019-02-06,0.0016753452569617387,0,0,0,0,0,0,0,1,1
24334,42,UNDETERMINED,Tablet,2019-02-07,0.001725980110133969,0,0,0,0,0,0,0,0,0
25157,41,UNDETERMINED,Tablet,2019-02-08,0.0016297650753269468,0,0,0,0,1,1,0,1,1
26137,32,UNDETERMINED,Tablet,2019-02-09,0.001224318016604813,0,0,0,0,0,0,0,0,0
25654,47,UNDETERMINED,Tablet,2019-02-10,0.0018320729710766352,0,0,0,0,0,0,0,0,0
24423,41,UNDETERMINED,Tablet,2019-02-11,0.001678745444867543,0,0,0,0,0,0,0,0,0
22769,42,UNDETERMINED,Tablet,2019-02-12,0.0018446132899995608,0,0,0,0,0,0,0,0,0
20899,50,UNDETERMINED,Tablet,2019-02-13,0.002392458969328676,0,0,0,0,0,0,0,0,0
19510,29,UNDETERMINED,Tablet,2019-02-14,0.001486417221937468,0,0,0,0,0,0,0,0,0
20734,59,UNDETERMINED,Tablet,2019-02-15,0.0028455676666345135,0,0,0,0,0,0,0,0,0
23217,49,UNDETERMINED,Tablet,2019-02-16,0.00211052246198906,0,0,0,0,0,0,0,0,0
24943,52,UNDETERMINED,Tablet,2019-02-17,0.002084753237381229,0,0,0,0,0,0,0,0,0
23521,54,UNDETERMINED,Tablet,2019-02-18,0.0022958207559202414,0,0,0,0,0,0,0,0,0
20888,70,UNDETERMINED,Tablet,2019-02-19,0.003351206434316354,0,0,0,0,0,0,0,0,0
25169,101,UNDETERMINED,Tablet,2019-02-20,0.00401287297866423,0,0,0,0,1,1,0,0,0
22683,54,UNDETERMINED,Tablet,2019-02-21,0.002380637481814575,0,0,0,0,0,0,0,0,0
41597,609,UNDETERMINED,Tablet,2019-02-22,0.014640478880688512,1,1,1,1,1,1,1,1,1
25279,53,UNDETERMINED,Tablet,2019-02-23,0.0020966019225444046,0,0,0,0,0,0,1,0,0
27062,58,UNDETERMINED,Tablet,2019-02-24,0.0021432266646958836,0,0,0,0,0,0,0,0,0
22099,58,UNDETERMINED,Tablet,2019-02-25,0.0026245531472012308,0,0,0,0,0,0,0,0,0
18940,47,UNDETERMINED,Tablet,2019-02-26,0.002481520591341077,0,0,0,0,0,0,0,0,0
20483,59,UNDETERMINED,Tablet,2019-02-27,0.002880437435922472,0,0,0,0,0,0,0,0,0
17795,61,UNDETERMINED,Tablet,2019-02-28,0.0034279291935937063,0,0,0,0,0,0,0,0,0
18099,61,UNDETERMINED,Tablet,2019-03-01,0.0033703519531465827,0,0,0,0,0,0,0,0,0
20217,56,UNDETERMINED,Tablet,2019-03-02,0.0027699460849779887,0,0,0,0,0,0,0,0,0
19324,47,UNDETERMINED,Tablet,2019-03-03,0.0024322086524529085,0,0,0,0,0,0,0,0,0
17209,54,UNDETERMINED,Tablet,2019-03-04,0.003137892962984485,0,0,0,0,0,0,0,0,0
17879,50,UNDETERMINED,Tablet,2019-03-05,0.0027965769897645284,0,0,0,0,0,0,0,0,0
17846,47,UNDETERMINED,Tablet,2019-03-06,0.00263364339347753,0,0,0,0,0,0,0,0,0
17178,106,UNDETERMINED,Tablet,2019-03-07,0.006170683432297124,0,0,0,0,1,1,0,1,1
36927,407,UNDETERMINED,Tablet,2019-03-08,0.011021745606196008,1,1,1,1,0,0,1,0,0
19680,49,UNDETERMINED,Tablet,2019-03-09,0.002489837398373984,0,0,0,0,0,0,0,0,0
19688,54,UNDETERMINED,Tablet,2019-03-10,0.002742787484762292,0,0,0,0,0,0,0,0,0
17411,36,UNDETERMINED,Tablet,2019-03-11,0.0020676583768881743,0,0,0,0,0,0,0,0,0
17273,69,UNDETERMINED,Tablet,2019-03-12,0.0039946737683089215,0,0,0,0,0,0,0,0,0
18732,32,UNDETERMINED,Tablet,2019-03-13,0.001708306641042067,0,0,0,0,0,0,0,0,0
19702,54,UNDETERMINED,Tablet,2019-03-14,0.002740838493553954,0,0,0,0,0,0,0,0,0
18670,50,UNDETERMINED,Tablet,2019-03-15,0.002678093197643278,0,0,0,0,0,0,0,0,0
20986,56,UNDETERMINED,Tablet,2019-03-16,0.00266844563042028,0,0,0,0,0,0,0,0,0
20290,52,UNDETERMINED,Tablet,2019-03-17,0.002562838836865451,0,0,0,0,0,0,0,0,0
15693,44,UNDETERMINED,Tablet,2019-03-18,0.0028037978716625245,0,0,0,0,0,0,0,0,0
15456,67,UNDETERMINED,Tablet,2019-03-19,0.004334886128364389,0,0,0,0,0,0,0,0,0
18891,91,UNDETERMINED,Tablet,2019-03-20,0.004817108676089143,0,0,0,0,1,1,0,0,0
29032,240,UNDETERMINED,Tablet,2019-03-21,0.008266740148801324,0,0,0,0,1,1,1,1,1
21237,94,UNDETERMINED,Tablet,2019-03-22,0.0044262372274803405,0,0,0,0,1,1,0,1,1
23609,52,UNDETERMINED,Tablet,2019-03-23,0.0022025498750476514,0,0,0,0,0,0,0,0,0
23377,61,UNDETERMINED,Tablet,2019-03-24,0.0026094024040723787,0,0,0,0,0,0,0,0,0
19895,45,UNDETERMINED,Tablet,2019-03-25,0.002261874842925358,0,0,0,0,0,0,0,0,0
20906,94,UNDETERMINED,Tablet,2019-03-26,0.004496316846838228,0,0,0,0,0,1,0,0,0
38170,406,UNDETERMINED,Tablet,2019-03-27,0.0106366256222164,1,1,1,1,1,1,1,1,1
35277,296,UNDETERMINED,Tablet,2019-03-28,0.008390736173710917,0,1,1,1,1,1,0,1,1
23803,63,UNDETERMINED,Tablet,2019-03-29,0.0026467252027055415,0,0,0,0,0,0,0,0,0
23696,62,UNDETERMINED,Tablet,2019-03-30,0.0026164753544902094,0,0,0,0,0,0,0,0,0
22765,91,UNDETERMINED,Tablet,2019-03-31,0.003997364375137272,0,0,0,0,0,1,0,0,0
20600,109,PROSPECT,Mobile Phone,2019-02-01,0.00529126213592233,0,0,0,0,0,0,0,0,0
20558,88,PROSPECT,Mobile Phone,2019-02-02,0.00428057204008172,0,0,0,0,0,0,0,0,0
8892,31,PROSPECT,Mobile Phone,2019-02-03,0.0034862798020692757,1,1,1,1,1,1,0,0,0
11000,60,PROSPECT,Mobile Phone,2019-02-04,0.005454545454545455,0,1,1,0,0,0,0,0,0
16361,78,PROSPECT,Mobile Phone,2019-02-05,0.004767434753376933,0,0,0,0,0,0,0,0,0
19504,106,PROSPECT,Mobile Phone,2019-02-06,0.005434782608695652,0,0,0,0,0,0,0,0,0
17452,85,PROSPECT,Mobile Phone,2019-02-07,0.004870501948200779,0,0,0,0,0,0,0,0,0
16263,98,PROSPECT,Mobile Phone,2019-02-08,0.006025948471991637,0,0,0,0,0,0,0,1,1
23234,91,PROSPECT,Mobile Phone,2019-02-09,0.003916673840061978,0,0,0,0,0,0,0,0,0
24476,87,PROSPECT,Mobile Phone,2019-02-10,0.0035545023696682463,0,0,0,0,0,0,0,0,0
22494,97,PROSPECT,Mobile Phone,2019-02-11,0.004312261047390415,0,0,0,0,0,0,0,0,0
21891,91,PROSPECT,Mobile Phone,2019-02-12,0.004156959481065278,0,0,0,0,0,0,0,0,0
21427,110,PROSPECT,Mobile Phone,2019-02-13,0.005133709805385728,0,0,0,0,0,0,0,0,0
20957,95,PROSPECT,Mobile Phone,2019-02-14,0.004533091568449683,0,0,0,0,0,0,0,1,1
20868,97,PROSPECT,Mobile Phone,2019-02-15,0.004648265286563159,0,0,0,0,0,0,0,0,0
23749,64,PROSPECT,Mobile Phone,2019-02-16,0.0026948503094867153,0,0,0,0,0,0,1,1,1
19692,76,PROSPECT,Mobile Phone,2019-02-17,0.00385943530367662,0,0,0,0,0,0,0,0,0
17265,81,PROSPECT,Mobile Phone,2019-02-18,0.004691572545612511,0,0,0,0,0,0,0,0,0
15405,75,PROSPECT,Mobile Phone,2019-02-19,0.004868549172346641,0,0,0,0,0,0,0,0,0
25639,95,PROSPECT,Mobile Phone,2019-02-20,0.0037052927181247318,0,0,0,0,0,0,0,1,1
28860,133,PROSPECT,Mobile Phone,2019-02-21,0.004608454608454608,0,1,1,0,1,1,0,0,0
3267,24,PROSPECT,Mobile Phone,2019-02-22,0.0073461891643709825,1,1,1,1,1,1,1,1,1
20276,84,PROSPECT,Mobile Phone,2019-02-23,0.004142828960347208,0,0,0,0,0,0,0,0,0
18666,71,PROSPECT,Mobile Phone,2019-02-24,0.003803707275259831,0,0,0,0,0,1,0,0,0
15417,46,PROSPECT,Mobile Phone,2019-02-25,0.0029837192709346824,0,0,1,0,1,1,1,1,1
23473,119,PROSPECT,Mobile Phone,2019-02-26,0.005069654496655732,0,0,0,0,0,0,0,0,0
20778,147,PROSPECT,Mobile Phone,2019-02-27,0.007074790643950332,0,0,0,0,0,1,1,1,1
22261,137,PROSPECT,Mobile Phone,2019-02-28,0.006154260814878038,0,0,0,0,1,1,0,0,0
23633,166,PROSPECT,Mobile Phone,2019-03-01,0.007024076503194685,0,0,0,1,1,1,1,1,1
24743,118,PROSPECT,Mobile Phone,2019-03-02,0.00476902558299317,0,0,0,0,1,1,0,0,0
23754,107,PROSPECT,Mobile Phone,2019-03-03,0.0045045045045045045,0,0,0,0,0,0,0,0,0
23459,120,PROSPECT,Mobile Phone,2019-03-04,0.005115307557866917,0,0,1,0,1,1,0,0,0
20451,99,PROSPECT,Mobile Phone,2019-03-05,0.004840839078773654,0,0,0,0,0,0,0,0,0
21817,124,PROSPECT,Mobile Phone,2019-03-06,0.005683641197231516,0,0,0,0,0,0,0,0,0
11771,78,PROSPECT,Mobile Phone,2019-03-07,0.006626454846657038,1,1,1,0,0,0,1,1,1
17262,80,PROSPECT,Mobile Phone,2019-03-09,0.004634457189201715,0,0,0,0,0,0,0,0,0
21713,82,PROSPECT,Mobile Phone,2019-03-10,0.0037765394003592316,0,0,0,0,0,0,0,0,0
21013,102,PROSPECT,Mobile Phone,2019-03-11,0.0048541379146242805,0,0,0,0,0,0,0,1,1
21400,90,PROSPECT,Mobile Phone,2019-03-12,0.004205607476635514,0,0,0,0,0,0,0,0,0
21951,77,PROSPECT,Mobile Phone,2019-03-13,0.003507812855906337,0,0,0,0,0,0,0,0,0
19984,108,PROSPECT,Mobile Phone,2019-03-14,0.005404323458767014,0,0,0,0,0,0,0,0,0
16411,96,PROSPECT,Mobile Phone,2019-03-15,0.005849734933885809,0,0,0,0,0,0,0,0,0
21711,91,PROSPECT,Mobile Phone,2019-03-16,0.004191423702270739,0,0,0,0,0,0,0,0,0
20998,76,PROSPECT,Mobile Phone,2019-03-17,0.0036193923230783886,0,0,0,0,0,0,0,0,0
20810,80,PROSPECT,Mobile Phone,2019-03-18,0.0038443056222969728,0,0,0,0,0,0,0,0,0
20201,88,PROSPECT,Mobile Phone,2019-03-19,0.00435621998910945,0,0,0,0,0,0,0,0,0
20153,84,PROSPECT,Mobile Phone,2019-03-20,0.004168113928447377,0,0,0,0,0,0,0,0,0
12103,58,PROSPECT,Mobile Phone,2019-03-21,0.004792200280922085,0,1,1,0,1,1,0,0,0
22989,109,PROSPECT,Mobile Phone,2019-03-22,0.004741398059941711,0,0,0,0,0,0,0,0,0
27964,102,PROSPECT,Mobile Phone,2019-03-23,0.0036475468459447862,0,1,1,0,0,0,0,0,0
28092,112,PROSPECT,Mobile Phone,2019-03-24,0.0039869001851060805,0,0,1,0,0,0,0,0,0
28191,130,PROSPECT,Mobile Phone,2019-03-25,0.004611400801674293,0,0,1,0,0,1,0,0,1
26284,107,PROSPECT,Mobile Phone,2019-03-26,0.004070917668543601,0,0,0,0,0,0,0,0,0
1382,3,PROSPECT,Mobile Phone,2019-03-27,0.002170767004341534,1,1,1,1,1,1,1,1,1
6813,31,PROSPECT,Mobile Phone,2019-03-28,0.004550124761485396,0,1,1,0,1,1,0,0,0
21094,103,PROSPECT,Mobile Phone,2019-03-29,0.004882905091495212,0,0,0,0,0,0,0,0,0
29662,111,PROSPECT,Mobile Phone,2019-03-30,0.0037421616883554715,1,1,1,0,0,0,0,0,0
24417,80,PROSPECT,Mobile Phone,2019-03-31,0.0032764057828562065,0,0,0,0,0,0,0,0,0
21987,98,PROSPECT,Desktop,2019-02-01,0.004457179242279528,0,0,0,0,0,0,0,0,0
17583,75,PROSPECT,Desktop,2019-02-02,0.0042654837058522434,0,0,0,0,0,0,0,0,0
6593,26,PROSPECT,Desktop,2019-02-03,0.0039435765205521,1,1,1,1,0,0,0,0,0
14170,70,PROSPECT,Desktop,2019-02-04,0.004940014114326041,0,0,0,0,0,0,0,0,0
18790,82,PROSPECT,Desktop,2019-02-05,0.004364023416711016,0,0,0,0,0,0,0,0,0
21437,98,PROSPECT,Desktop,2019-02-06,0.004571535196156179,0,0,0,0,0,0,0,0,0
19949,95,PROSPECT,Desktop,2019-02-07,0.004762143465837886,0,0,0,0,0,0,0,0,0
19641,72,PROSPECT,Desktop,2019-02-08,0.003665801130288682,0,0,0,0,0,0,0,0,0
19224,82,PROSPECT,Desktop,2019-02-09,0.004265501456512693,0,0,0,0,0,0,0,0,0
18867,86,PROSPECT,Desktop,2019-02-10,0.004558223352944295,0,0,0,0,0,0,0,0,0
23133,102,PROSPECT,Desktop,2019-02-11,0.0044092854363895735,0,0,0,0,0,0,0,0,0
22499,96,PROSPECT,Desktop,2019-02-12,0.004266856304724655,0,0,0,0,0,0,0,0,0
22727,95,PROSPECT,Desktop,2019-02-13,0.004180050160601927,0,0,0,0,0,0,0,0,0
22154,90,PROSPECT,Desktop,2019-02-14,0.004062471788390358,0,0,0,0,0,0,0,0,0
22247,113,PROSPECT,Desktop,2019-02-15,0.00507933653975817,0,0,0,0,0,0,0,0,0
19629,103,PROSPECT,Desktop,2019-02-16,0.005247338122166182,0,0,0,0,0,0,0,0,0
16230,74,PROSPECT,Desktop,2019-02-17,0.004559457794208257,0,0,0,0,0,0,0,0,0
19964,74,PROSPECT,Desktop,2019-02-18,0.003706672009617311,0,0,0,0,0,0,0,0,0
18469,66,PROSPECT,Desktop,2019-02-19,0.00357355568790947,0,0,0,0,0,0,0,0,0
26020,118,PROSPECT,Desktop,2019-02-20,0.0045349730976172176,1,0,0,0,0,0,0,0,0
28100,117,PROSPECT,Desktop,2019-02-21,0.004163701067615658,0,1,1,0,0,0,0,0,0
3013,26,PROSPECT,Desktop,2019-02-22,0.0086292731496847,1,1,1,1,0,0,1,1,1
16210,79,PROSPECT,Desktop,2019-02-23,0.004873534855027761,0,0,0,0,0,0,0,0,0
14612,51,PROSPECT,Desktop,2019-02-24,0.0034902819600328497,0,0,0,1,1,1,0,0,0
18804,68,PROSPECT,Desktop,2019-02-25,0.003616251861306105,0,0,0,0,0,0,0,0,0
22334,104,PROSPECT,Desktop,2019-02-26,0.004656577415599534,0,0,0,0,0,0,0,0,0
19058,139,PROSPECT,Desktop,2019-02-27,0.007293525028859272,0,0,0,1,0,0,1,1,1
17938,122,PROSPECT,Desktop,2019-02-28,0.006801204147619579,0,0,0,0,0,0,0,0,0
21022,137,PROSPECT,Desktop,2019-03-01,0.006516982209114262,0,0,0,0,0,0,0,0,0
16990,109,PROSPECT,Desktop,2019-03-02,0.0064155385520894646,0,0,0,0,0,0,0,0,0
16631,95,PROSPECT,Desktop,2019-03-03,0.0057122241597017615,0,0,0,0,0,0,0,0,0
22435,131,PROSPECT,Desktop,2019-03-04,0.005839090706485402,0,0,0,0,0,0,0,0,0
21460,125,PROSPECT,Desktop,2019-03-05,0.005824790307548928,0,0,0,0,0,0,0,0,0
21619,136,PROSPECT,Desktop,2019-03-06,0.0062907627549840415,0,0,0,0,0,0,0,0,0
13215,81,PROSPECT,Desktop,2019-03-07,0.0061293984108967085,0,0,0,0,0,0,0,0,0
11646,53,PROSPECT,Desktop,2019-03-09,0.004550918770393268,0,0,0,0,0,0,0,0,0
13107,72,PROSPECT,Desktop,2019-03-10,0.005493247882810712,0,0,0,0,0,0,0,0,0
19228,123,PROSPECT,Desktop,2019-03-11,0.006396921156646557,0,0,0,0,0,0,0,0,0
20966,103,PROSPECT,Desktop,2019-03-12,0.0049127158256224365,0,0,0,0,0,0,0,0,0
21701,98,PROSPECT,Desktop,2019-03-13,0.0045159209253029815,0,0,0,0,0,0,0,0,0
20668,106,PROSPECT,Desktop,2019-03-14,0.005128701374104897,0,0,0,0,0,0,0,0,0
17123,103,PROSPECT,Desktop,2019-03-15,0.0060153010570577585,0,0,0,0,0,0,0,0,0
15337,95,PROSPECT,Desktop,2019-03-16,0.006194170959118472,0,0,0,0,0,0,0,0,0
14915,72,PROSPECT,Desktop,2019-03-17,0.0048273550117331546,0,0,0,0,0,0,0,0,0
21709,96,PROSPECT,Desktop,2019-03-18,0.004422129070892257,0,0,0,0,0,0,0,0,0
19697,110,PROSPECT,Desktop,2019-03-19,0.005584606792912626,0,0,0,0,0,0,0,0,0
15881,96,PROSPECT,Desktop,2019-03-20,0.0060449593854291295,0,0,0,0,0,0,0,0,0
10019,49,PROSPECT,Desktop,2019-03-21,0.004890707655454636,0,1,1,0,1,1,0,0,0
16244,98,PROSPECT,Desktop,2019-03-22,0.006032996798818025,0,0,0,0,0,0,0,0,0
12046,62,PROSPECT,Desktop,2019-03-23,0.005146936742487133,0,0,0,0,0,0,0,0,0
11502,64,PROSPECT,Desktop,2019-03-24,0.0055642496957050945,0,0,0,0,0,0,0,0,0
17570,129,PROSPECT,Desktop,2019-03-25,0.007342060330108139,0,0,0,0,0,0,1,0,0
16977,122,PROSPECT,Desktop,2019-03-26,0.007186193084761736,0,0,0,0,0,0,0,1,1
584,0,PROSPECT,Desktop,2019-03-27,0.0,1,1,1,1,1,1,1,1,1
5172,25,PROSPECT,Desktop,2019-03-28,0.004833720030935808,0,1,1,0,1,1,0,0,0
13312,69,PROSPECT,Desktop,2019-03-29,0.005183293269230769,0,0,0,0,0,0,0,0,0
10996,86,PROSPECT,Desktop,2019-03-30,0.007821025827573663,0,1,1,0,0,0,1,0,0
10148,70,PROSPECT,Desktop,2019-03-31,0.006897910918407568,0,0,0,0,0,0,0,0,0
3956,10,PROSPECT,Tablet,2019-02-01,0.0025278058645096056,0,0,0,0,0,0,0,0,0
3923,8,PROSPECT,Tablet,2019-02-02,0.002039255671679837,0,0,0,0,0,0,0,0,0
1605,4,PROSPECT,Tablet,2019-02-03,0.0024922118380062306,1,1,1,0,0,0,0,0,0
1718,6,PROSPECT,Tablet,2019-02-04,0.0034924330616996507,0,1,1,0,0,0,0,0,0
2844,4,PROSPECT,Tablet,2019-02-05,0.0014064697609001407,0,0,0,0,0,0,0,0,0
3428,7,PROSPECT,Tablet,2019-02-06,0.002042007001166861,0,0,0,0,0,0,0,0,0
3191,5,PROSPECT,Tablet,2019-02-07,0.0015669069257286117,0,0,0,0,0,0,0,0,0
2802,8,PROSPECT,Tablet,2019-02-08,0.0028551034975017845,0,0,0,0,0,0,0,0,0
4242,10,PROSPECT,Tablet,2019-02-09,0.0023573785950023575,0,0,0,0,0,0,0,0,0
4433,8,PROSPECT,Tablet,2019-02-10,0.0018046469659372885,0,0,1,0,0,0,0,0,0
4135,13,PROSPECT,Tablet,2019-02-11,0.003143893591293833,0,0,0,0,0,0,0,0,0
4297,6,PROSPECT,Tablet,2019-02-12,0.0013963230160577147,0,0,1,0,0,0,0,0,0
3924,16,PROSPECT,Tablet,2019-02-13,0.004077471967380225,0,0,0,1,1,1,0,1,1
3754,15,PROSPECT,Tablet,2019-02-14,0.003995737879595098,0,0,1,1,0,0,0,0,0
3739,9,PROSPECT,Tablet,2019-02-15,0.0024070607114201658,0,0,0,0,0,0,0,0,0
4192,10,PROSPECT,Tablet,2019-02-16,0.002385496183206107,0,0,0,0,0,0,0,0,0
3693,7,PROSPECT,Tablet,2019-02-17,0.0018954779312212293,0,0,0,0,0,0,0,0,0
2954,5,PROSPECT,Tablet,2019-02-18,0.0016926201760324984,0,0,0,0,0,0,0,0,0
2941,3,PROSPECT,Tablet,2019-02-19,0.0010200612036722204,0,0,0,0,0,0,0,0,0
4206,10,PROSPECT,Tablet,2019-02-20,0.0023775558725630053,0,0,1,0,0,0,0,0,0
4401,5,PROSPECT,Tablet,2019-02-21,0.0011361054305839581,0,1,1,0,0,0,0,0,0
435,4,PROSPECT,Tablet,2019-02-22,0.009195402298850575,1,1,1,0,0,0,1,1,1
3512,10,PROSPECT,Tablet,2019-02-23,0.0028473804100227792,1,0,0,0,0,0,0,0,0
3368,6,PROSPECT,Tablet,2019-02-24,0.0017814726840855108,0,0,0,0,0,0,0,0,0
2415,4,PROSPECT,Tablet,2019-02-25,0.0016563146997929607,0,1,1,0,1,1,0,1,1
3079,10,PROSPECT,Tablet,2019-02-26,0.003247807729782397,0,0,0,0,0,0,0,1,1
2816,8,PROSPECT,Tablet,2019-02-27,0.002840909090909091,0,0,0,0,0,0,0,0,0
2891,7,PROSPECT,Tablet,2019-02-28,0.002421307506053269,0,0,0,0,1,1,0,0,0
3314,14,PROSPECT,Tablet,2019-03-01,0.004224502112251056,0,0,0,1,0,0,0,1,1
3449,12,PROSPECT,Tablet,2019-03-02,0.0034792693534357786,0,0,0,0,0,0,0,0,0
3524,10,PROSPECT,Tablet,2019-03-03,0.0028376844494892167,0,0,0,0,0,0,0,0,0
3155,14,PROSPECT,Tablet,2019-03-04,0.0044374009508716325,0,0,0,0,1,1,0,0,0
2817,10,PROSPECT,Tablet,2019-03-05,0.003549875754348598,0,0,0,0,0,1,0,1,1
3076,11,PROSPECT,Tablet,2019-03-06,0.003576072821846554,0,0,0,0,0,0,0,0,0
1471,4,PROSPECT,Tablet,2019-03-07,0.002719238613188307,1,1,1,0,0,0,0,0,0
2576,2,PROSPECT,Tablet,2019-03-09,0.0007763975155279503,0,0,0,1,1,1,0,1,1
3290,10,PROSPECT,Tablet,2019-03-10,0.00303951367781155,0,0,0,0,0,0,0,0,0
2957,9,PROSPECT,Tablet,2019-03-11,0.003043625295908015,0,0,0,0,0,0,0,0,0
3107,14,PROSPECT,Tablet,2019-03-12,0.004505954296749276,0,0,0,0,0,0,0,0,0
3156,5,PROSPECT,Tablet,2019-03-13,0.0015842839036755386,0,0,0,0,0,0,0,0,0
2847,6,PROSPECT,Tablet,2019-03-14,0.002107481559536354,0,0,0,0,0,0,0,0,0
2491,12,PROSPECT,Tablet,2019-03-15,0.004817342432757929,0,0,0,0,0,0,0,0,0
3358,6,PROSPECT,Tablet,2019-03-16,0.001786777843954735,0,0,0,0,0,0,0,0,0
3474,11,PROSPECT,Tablet,2019-03-17,0.0031663788140472078,0,0,0,0,0,0,0,0,0
3215,3,PROSPECT,Tablet,2019-03-18,0.0009331259720062209,0,0,0,0,0,0,0,0,0
3071,8,PROSPECT,Tablet,2019-03-19,0.0026050146532074245,0,0,0,0,0,0,0,0,0
2772,12,PROSPECT,Tablet,2019-03-20,0.004329004329004329,0,0,0,0,1,1,0,1,1
1451,3,PROSPECT,Tablet,2019-03-21,0.002067539627842867,1,1,1,0,1,1,0,0,0
3099,14,PROSPECT,Tablet,2019-03-22,0.00451758631816715,0,0,0,1,1,1,0,1,1
3694,8,PROSPECT,Tablet,2019-03-23,0.002165674066053059,0,1,1,0,0,0,0,0,0
3773,8,PROSPECT,Tablet,2019-03-24,0.0021203286509408957,0,0,0,0,0,0,0,0,0
3597,11,PROSPECT,Tablet,2019-03-25,0.0030581039755351682,0,0,0,0,0,0,0,0,0
3336,18,PROSPECT,Tablet,2019-03-26,0.00539568345323741,0,0,0,1,0,1,1,1,1
142,0,PROSPECT,Tablet,2019-03-27,0.0,1,1,1,1,1,1,1,0,0
804,1,PROSPECT,Tablet,2019-03-28,0.0012437810945273632,0,1,1,1,1,1,0,0,0
2675,7,PROSPECT,Tablet,2019-03-29,0.002616822429906542,0,0,0,0,1,1,0,0,0
3854,5,PROSPECT,Tablet,2019-03-30,0.0012973533990659055,0,0,0,0,0,1,0,0,0
3235,7,PROSPECT,Tablet,2019-03-31,0.0021638330757341576,0,0,0,0,0,0,0,0,0
