Visitor,Order,Customer,Device,Date,Rate
360930,1024,Undetermined,All Devices,3/12/2019,0.002837115230100019
13030,291,Customer,Tablet,3/12/2019,0.022333077513430544
251155,4879,Customer,All Devices,3/12/2019,0.019426250721665903
161097,3820,Customer,Desktop,3/12/2019,0.02371242170866
21400,90,Prospect,Mobile Phone,3/12/2019,0.004205607476635514
270573,1161,All Visitors,Mobile Phone,3/12/2019,0.004290893769888348
352032,4574,All Visitors,Desktop,3/12/2019,0.012993136987546587
3107,14,Prospect,Tablet,3/12/2019,0.004505954296749276
33368,374,All Visitors,Tablet,3/12/2019,0.011208343322944138
45624,207,Prospect,All Devices,3/12/2019,0.004537085744345082
657024,6110,All Visitors,All Devices,3/12/2019,0.00929950808494058
20966,103,Prospect,Desktop,3/12/2019,0.0049127158256224365
172380,304,Undetermined,Mobile Phone,3/12/2019,0.0017635456549483699
170359,651,Undetermined,Desktop,3/12/2019,0.0038213419895632163
77045,767,Customer,Mobile Phone,3/12/2019,0.009955220974755014
17273,69,Undetermined,Tablet,3/12/2019,0.0039946737683089215
1605,4,Prospect,Tablet,2/3/2019,0.0024922118380062306
36930,292,All Visitors,Tablet,2/3/2019,0.007906850798808557
17097,62,Prospect,All Devices,2/3/2019,0.0036263671989237877
452830,3374,All Visitors,All Devices,2/3/2019,0.007450919771216571
6593,26,Prospect,Desktop,2/3/2019,0.0039435765205521
189335,597,Undetermined,Mobile Phone,2/3/2019,0.0031531412575593527
143947,1216,Undetermined,Desktop,2/3/2019,0.00844755361348274
32030,294,Customer,Mobile Phone,2/3/2019,0.009178894786137995
29660,157,Undetermined,Tablet,2/3/2019,0.005293324342548887
363015,1970,Undetermined,All Devices,2/3/2019,0.005426772998360949
6216,131,Customer,Tablet,2/3/2019,0.021074646074646073
79856,1342,Customer,All Devices,2/3/2019,0.016805249449008214
41618,916,Customer,Desktop,2/3/2019,0.022009707338170984
8892,31,Prospect,Mobile Phone,2/3/2019,0.0034862798020692757
226302,922,All Visitors,Mobile Phone,2/3/2019,0.004074201730431017
189542,2158,All Visitors,Desktop,2/3/2019,0.011385339397072943
83629,1897,Customer,Desktop,3/21/2019,0.022683518875031387
12103,58,Prospect,Mobile Phone,3/21/2019,0.004792200280922085
339804,1233,All Visitors,Mobile Phone,3/21/2019,0.0036285623477063248
274311,4165,All Visitors,Desktop,3/21/2019,0.015183496104786174
1451,3,Prospect,Tablet,3/21/2019,0.002067539627842867
37658,385,All Visitors,Tablet,3/21/2019,0.010223591268787508
23836,110,Prospect,All Devices,3/21/2019,0.0046148682664876655
653760,5783,All Visitors,All Devices,3/21/2019,0.008845753793441017
10019,49,Prospect,Desktop,3/21/2019,0.004890707655454636
278565,801,Undetermined,Mobile Phone,3/21/2019,0.0028754509719455066
185557,2219,Undetermined,Desktop,3/21/2019,0.01195858954391373
56338,374,Customer,Mobile Phone,3/21/2019,0.006638503319251659
29032,240,Undetermined,Tablet,3/21/2019,0.008266740148801324
494932,3260,Undetermined,All Devices,3/21/2019,0.006586763434168735
7882,142,Customer,Tablet,3/21/2019,0.01801573204770363
147825,2413,Customer,All Devices,3/21/2019,0.016323355318789107
13215,81,Prospect,Desktop,3/7/2019,0.0061293984108967085
166757,513,Undetermined,Mobile Phone,3/7/2019,0.003076332627715778
159627,1610,Undetermined,Desktop,3/7/2019,0.010086013017847858
52630,458,Customer,Mobile Phone,3/7/2019,0.008702261067832034
17178,106,Undetermined,Tablet,3/7/2019,0.006170683432297124
344330,2229,Undetermined,All Devices,3/7/2019,0.0064734411756164146
7143,149,Customer,Tablet,3/7/2019,0.020859582808343834
162285,3087,Customer,All Devices,3/7/2019,0.01902209076624457
102523,2480,Customer,Desktop,3/7/2019,0.024189694019878465
11771,78,Prospect,Mobile Phone,3/7/2019,0.006626454846657038
227320,1049,All Visitors,Mobile Phone,3/7/2019,0.004614640154847791
271604,4171,All Visitors,Desktop,3/7/2019,0.015356916687530375
1471,4,Prospect,Tablet,3/7/2019,0.002719238613188307
25405,259,All Visitors,Tablet,3/7/2019,0.010194843534737257
26578,163,Prospect,All Devices,3/7/2019,0.00613289186545263
525185,5479,All Visitors,All Devices,3/7/2019,0.01043251425688091
15102,303,Customer,Tablet,3/29/2019,0.02006356773937227
264358,4831,Customer,All Devices,3/29/2019,0.018274461147383472
140633,3591,Customer,Desktop,3/29/2019,0.025534547367971956
21094,103,Prospect,Mobile Phone,3/29/2019,0.004882905091495212
394263,1500,All Visitors,Mobile Phone,3/29/2019,0.003804567002229476
267532,4187,All Visitors,Desktop,3/29/2019,0.015650464243529744
2675,7,Prospect,Tablet,3/29/2019,0.002616822429906542
41521,373,All Visitors,Tablet,3/29/2019,0.008983405987331711
37694,179,Prospect,All Devices,3/29/2019,0.004748766381917547
706084,6060,All Visitors,All Devices,3/29/2019,0.008582548252049332
13312,69,Prospect,Desktop,3/29/2019,0.005183293269230769
264810,460,Undetermined,Mobile Phone,3/29/2019,0.0017370945205996751
113833,527,Undetermined,Desktop,3/29/2019,0.0046295889592648885
108682,937,Customer,Mobile Phone,3/29/2019,0.008621482858246996
23803,63,Undetermined,Tablet,3/29/2019,0.0026467252027055415
404662,1050,Undetermined,All Devices,3/29/2019,0.0025947580944096554
435,4,Prospect,Tablet,2/22/2019,0.009195402298850575
43525,648,All Visitors,Tablet,2/22/2019,0.01488799540493969
6717,54,Prospect,All Devices,2/22/2019,0.0080393032603841
788164,13084,All Visitors,All Devices,2/22/2019,0.016600605965255963
3013,26,Prospect,Desktop,2/22/2019,0.0086292731496847
350355,3463,Undetermined,Mobile Phone,2/22/2019,0.009884260250317535
362604,8435,Undetermined,Desktop,2/22/2019,0.023262291645982945
13225,118,Customer,Mobile Phone,2/22/2019,0.008922495274102079
41597,609,Undetermined,Tablet,2/22/2019,0.014640478880688512
754800,12507,Undetermined,All Devices,2/22/2019,0.016569952305246424
1827,35,Customer,Tablet,2/22/2019,0.019157088122605363
33127,523,Customer,All Devices,2/22/2019,0.01578772602408911
18078,370,Customer,Desktop,2/22/2019,0.02046686580373935
3267,24,Prospect,Mobile Phone,2/22/2019,0.0073461891643709825
363480,3605,All Visitors,Mobile Phone,2/22/2019,0.009918014746340926
380936,8831,All Visitors,Desktop,2/22/2019,0.023182371841989204
280586,4180,All Visitors,Desktop,2/24/2019,0.01489739331256727
3368,6,Prospect,Tablet,2/24/2019,0.0017814726840855108
46449,476,All Visitors,Tablet,2/24/2019,0.010247798660896897
36653,128,Prospect,All Devices,2/24/2019,0.003492210733091425
679961,6259,All Visitors,All Devices,2/24/2019,0.009204939695070746
14612,51,Prospect,Desktop,2/24/2019,0.0034902819600328497
243693,435,Undetermined,Mobile Phone,2/24/2019,0.001785032807671948
152059,687,Undetermined,Desktop,2/24/2019,0.004517983151276807
90549,1096,Customer,Mobile Phone,2/24/2019,0.012103943721079195
27062,58,Undetermined,Tablet,2/24/2019,0.0021432266646958836
423118,1181,Undetermined,All Devices,2/24/2019,0.0027911835469065366
16051,412,Customer,Tablet,2/24/2019,0.025668182667746557
220731,4950,Customer,All Devices,2/24/2019,0.022425486225314976
114164,3442,Customer,Desktop,2/24/2019,0.030149609333940647
18666,71,Prospect,Mobile Phone,2/24/2019,0.003803707275259831
352651,1602,All Visitors,Mobile Phone,2/24/2019,0.004542734885198114
45918,444,All Visitors,Tablet,2/20/2019,0.009669410688618842
55877,223,Prospect,All Devices,2/20/2019,0.00399090860282406
796812,8041,All Visitors,All Devices,2/20/2019,0.010091464485976616
26020,118,Prospect,Desktop,2/20/2019,0.0045349730976172176
218535,605,Undetermined,Mobile Phone,2/20/2019,0.0027684352620861645
196671,1235,Undetermined,Desktop,2/20/2019,0.006279522654585577
107535,1250,Customer,Mobile Phone,2/20/2019,0.011624122378760404
25169,101,Undetermined,Tablet,2/20/2019,0.00401287297866423
440457,1941,Undetermined,All Devices,2/20/2019,0.004406786587567004
16598,333,Customer,Tablet,2/20/2019,0.020062658151584527
301569,5877,Customer,All Devices,2/20/2019,0.019488077355431094
177510,4292,Customer,Desktop,2/20/2019,0.0241789194974931
25639,95,Prospect,Mobile Phone,2/20/2019,0.0037052927181247318
351236,1950,All Visitors,Mobile Phone,2/20/2019,0.005551822706100742
399642,5645,All Visitors,Desktop,2/20/2019,0.014125142002091872
4206,10,Prospect,Tablet,2/20/2019,0.0023775558725630053
78615,864,Customer,Mobile Phone,2/25/2019,0.010990269032627361
22099,58,Undetermined,Tablet,2/25/2019,0.0026245531472012308
417711,1250,Undetermined,All Devices,2/25/2019,0.002992499599005054
12712,345,Customer,Tablet,2/25/2019,0.027139710509754562
249361,5304,Customer,All Devices,2/25/2019,0.021270367058200762
158064,4095,Customer,Desktop,2/25/2019,0.025907227452171274
15417,46,Prospect,Mobile Phone,2/25/2019,0.0029837192709346824
305779,1265,All Visitors,Mobile Phone,2/25/2019,0.004136974743196884
358322,5000,All Visitors,Desktop,2/25/2019,0.013953929705683715
2415,4,Prospect,Tablet,2/25/2019,0.0016563146997929607
37113,407,All Visitors,Tablet,2/25/2019,0.010966507692722227
36643,119,Prospect,All Devices,2/25/2019,0.0032475506918101683
701911,6673,All Visitors,All Devices,2/25/2019,0.009506903296856724
18804,68,Prospect,Desktop,2/25/2019,0.003616251861306105
212441,355,Undetermined,Mobile Phone,2/25/2019,0.001671052198022039
182449,837,Undetermined,Desktop,2/25/2019,0.0045875833794649466
48238,485,Customer,Mobile Phone,2/4/2019,0.01005431402628633
29149,179,Undetermined,Tablet,2/4/2019,0.006140862465264674
454120,2423,Undetermined,All Devices,2/4/2019,0.005335594116092662
7674,175,Customer,Tablet,2/4/2019,0.022804274172530625
166224,3073,Customer,All Devices,2/4/2019,0.018487101742227355
110329,2413,Customer,Desktop,2/4/2019,0.021870949614335305
11000,60,Prospect,Mobile Phone,2/4/2019,0.005454545454545455
267604,1168,All Visitors,Mobile Phone,2/4/2019,0.004364658226334434
330860,4104,All Visitors,Desktop,2/4/2019,0.012404037961675633
1718,6,Prospect,Tablet,2/4/2019,0.0034924330616996507
37896,360,All Visitors,Tablet,2/4/2019,0.009499683343888538
26897,137,Prospect,All Devices,2/4/2019,0.005093504851842213
636388,5633,All Visitors,All Devices,2/4/2019,0.008851518256158193
14170,70,Prospect,Desktop,2/4/2019,0.004940014114326041
213592,623,Undetermined,Mobile Phone,2/4/2019,0.0029167759092100826
211332,1621,Undetermined,Desktop,2/4/2019,0.0076703953968163836
14675,342,Customer,Tablet,2/17/2019,0.023304940374787052
199403,3721,Customer,All Devices,2/17/2019,0.018660702196055225
104522,2616,Customer,Desktop,2/17/2019,0.0250282237232353
19692,76,Prospect,Mobile Phone,2/17/2019,0.00385943530367662
299109,1086,All Visitors,Mobile Phone,2/17/2019,0.0036307834267775294
260962,3235,All Visitors,Desktop,2/17/2019,0.012396440861121542
3693,7,Prospect,Tablet,2/17/2019,0.0018954779312212293
43254,401,All Visitors,Tablet,2/17/2019,0.009270818883802654
39630,157,Prospect,All Devices,2/17/2019,0.003961645218268989
603395,4722,All Visitors,All Devices,2/17/2019,0.007825719470661838
16230,74,Prospect,Desktop,2/17/2019,0.004559457794208257
199485,247,Undetermined,Mobile Phone,2/17/2019,0.0012381883349625285
140452,545,Undetermined,Desktop,2/17/2019,0.003880329222794976
80231,763,Customer,Mobile Phone,2/17/2019,0.009510039760192445
24943,52,Undetermined,Tablet,2/17/2019,0.002084753237381229
364962,844,Undetermined,All Devices,2/17/2019,0.0023125695277864543
259925,3792,All Visitors,Desktop,3/17/2019,0.014588823699143983
3474,11,Prospect,Tablet,3/17/2019,0.0031663788140472078
37436,419,All Visitors,Tablet,3/17/2019,0.011192435089218933
39836,159,Prospect,All Devices,3/17/2019,0.0039913645948388395
571953,5458,All Visitors,All Devices,3/17/2019,0.009542742148393311
14915,72,Prospect,Desktop,3/17/2019,0.0048273550117331546
177973,282,Undetermined,Mobile Phone,3/17/2019,0.0015845100099453288
136378,507,Undetermined,Desktop,3/17/2019,0.003717608411913945
73535,889,Customer,Mobile Phone,3/17/2019,0.012089481199428844
20290,52,Undetermined,Tablet,3/17/2019,0.002562838836865451
336549,841,Undetermined,All Devices,3/17/2019,0.0024988931775164983
13710,356,Customer,Tablet,3/17/2019,0.025966447848285924
196150,4458,Customer,All Devices,3/17/2019,0.02272750446087178
108924,3213,Customer,Desktop,3/17/2019,0.02949763137600529
20998,76,Prospect,Mobile Phone,3/17/2019,0.0036193923230783886
272256,1247,All Visitors,Mobile Phone,3/17/2019,0.004580248001880583
631231,5145,All Visitors,All Devices,2/16/2019,0.00815074037872031
19629,103,Prospect,Desktop,2/16/2019,0.005247338122166182
196988,257,Undetermined,Mobile Phone,2/16/2019,0.001304647998862875
143518,612,Undetermined,Desktop,2/16/2019,0.0042642734709235075
88728,947,Customer,Mobile Phone,2/16/2019,0.010673068253538906
23217,49,Undetermined,Tablet,2/16/2019,0.00211052246198906
363779,920,Undetermined,All Devices,2/16/2019,0.0025290079966133285
15588,374,Customer,Tablet,2/16/2019,0.02399281498588658
220569,4048,Customer,All Devices,2/16/2019,0.01835253367426973
116293,2727,Customer,Desktop,2/16/2019,0.023449390762986595
23749,64,Prospect,Mobile Phone,2/16/2019,0.0026948503094867153
309146,1268,All Visitors,Mobile Phone,2/16/2019,0.004101621887393012
279123,3442,All Visitors,Desktop,2/16/2019,0.012331481103312876
4192,10,Prospect,Tablet,2/16/2019,0.002385496183206107
42938,433,All Visitors,Tablet,2/16/2019,0.010084307606316083
47579,177,Prospect,All Devices,2/16/2019,0.003720128628176296
3956,10,Prospect,Tablet,2/1/2019,0.0025278058645096056
39403,371,All Visitors,Tablet,2/1/2019,0.009415526736542904
46556,217,Prospect,All Devices,2/1/2019,0.004661053355099236
644248,5735,All Visitors,All Devices,2/1/2019,0.00890185146092809
21987,98,Prospect,Desktop,2/1/2019,0.004457179242279528
171096,346,Undetermined,Mobile Phone,2/1/2019,0.002022256510964605
158023,586,Undetermined,Desktop,2/1/2019,0.0037083209406225674
79575,833,Customer,Mobile Phone,2/1/2019,0.010468111844172165
21371,40,Undetermined,Tablet,2/1/2019,0.0018716952880071123
350533,972,Undetermined,All Devices,2/1/2019,0.00277292009596814
14111,321,Customer,Tablet,2/1/2019,0.02274821061583162
247743,4546,Customer,All Devices,2/1/2019,0.018349660737134853
154086,3389,Customer,Desktop,2/1/2019,0.021994211025012006
20600,109,Prospect,Mobile Phone,2/1/2019,0.00529126213592233
271047,1288,All Visitors,Mobile Phone,2/1/2019,0.00475194338989179
333776,4073,All Visitors,Desktop,2/1/2019,0.012202794688653469
347215,695,Undetermined,All Devices,2/2/2019,0.0020016416341459902
15636,372,Customer,Tablet,2/2/2019,0.023791250959324637
212136,4288,Customer,All Devices,2/2/2019,0.02021344797676962
113781,2946,Customer,Desktop,2/2/2019,0.025891844859862366
20558,88,Prospect,Mobile Phone,2/2/2019,0.00428057204008172
289723,1326,All Visitors,Mobile Phone,2/2/2019,0.004576785412273102
266785,3398,All Visitors,Desktop,2/2/2019,0.012736848023689488
3923,8,Prospect,Tablet,2/2/2019,0.002039255671679837
44256,430,All Visitors,Tablet,2/2/2019,0.009716196673897325
42078,171,Prospect,All Devices,2/2/2019,0.004063881363182661
600854,5154,All Visitors,All Devices,2/2/2019,0.008577790944222723
17583,75,Prospect,Desktop,2/2/2019,0.0042654837058522434
186678,268,Undetermined,Mobile Phone,2/2/2019,0.0014356271226389826
135686,377,Undetermined,Desktop,2/2/2019,0.0027784738292823134
82752,970,Customer,Mobile Phone,2/2/2019,0.011721771075019335
24742,50,Undetermined,Tablet,2/2/2019,0.0020208552259316143
40190,161,Prospect,All Devices,2/18/2019,0.004005971634735009
682920,6217,All Visitors,All Devices,2/18/2019,0.009103555321267498
19964,74,Prospect,Desktop,2/18/2019,0.003706672009617311
204151,338,Undetermined,Mobile Phone,2/18/2019,0.0016556372488990992
176174,797,Undetermined,Desktop,2/18/2019,0.004523936562716406
80245,815,Customer,Mobile Phone,2/18/2019,0.01015639603713627
23521,54,Undetermined,Tablet,2/18/2019,0.0022958207559202414
403903,1189,Undetermined,All Devices,2/18/2019,0.002943776104658792
14472,386,Customer,Tablet,2/18/2019,0.026672194582642344
241654,4867,Customer,All Devices,2/18/2019,0.020140365977802974
146963,3666,Customer,Desktop,2/18/2019,0.02494505419731497
17265,81,Prospect,Mobile Phone,2/18/2019,0.004691572545612511
300448,1234,All Visitors,Mobile Phone,2/18/2019,0.004107199914793908
341677,4537,All Visitors,Desktop,2/18/2019,0.01327862279287163
2954,5,Prospect,Tablet,2/18/2019,0.0016926201760324984
40765,445,All Visitors,Tablet,2/18/2019,0.010916227155648228
398737,1031,Undetermined,All Devices,3/14/2019,0.002585664234821449
16640,295,Customer,Tablet,3/14/2019,0.017728365384615384
300844,5567,Customer,All Devices,3/14/2019,0.018504607038863995
183308,4342,Customer,Desktop,3/14/2019,0.023686909463853188
19984,108,Prospect,Mobile Phone,3/14/2019,0.005404323458767014
326274,1373,All Visitors,Mobile Phone,3/14/2019,0.004208119555956037
375706,5090,All Visitors,Desktop,3/14/2019,0.013547827290487775
2847,6,Prospect,Tablet,3/14/2019,0.002107481559536354
39145,355,All Visitors,Tablet,3/14/2019,0.00906884659598927
43769,220,Prospect,All Devices,3/14/2019,0.005026388539834129
742669,6818,All Visitors,All Devices,3/14/2019,0.009180402036438844
20668,106,Prospect,Desktop,3/14/2019,0.005128701374104897
205591,335,Undetermined,Mobile Phone,3/14/2019,0.0016294487599165333
172120,642,Undetermined,Desktop,3/14/2019,0.0037299558447594704
100942,930,Customer,Mobile Phone,3/14/2019,0.009213211547225139
19702,54,Undetermined,Tablet,3/14/2019,0.002740838493553954
118793,3296,Customer,Desktop,2/9/2019,0.027745742594260603
23234,91,Prospect,Mobile Phone,2/9/2019,0.003916673840061978
323629,1399,All Visitors,Mobile Phone,2/9/2019,0.00432285116599563
282655,3766,All Visitors,Desktop,2/9/2019,0.013323663122888327
4242,10,Prospect,Tablet,2/9/2019,0.0023573785950023575
46899,487,All Visitors,Tablet,2/9/2019,0.010384016716774344
46714,184,Prospect,All Devices,2/9/2019,0.003938862011388449
653226,5653,All Visitors,All Devices,2/9/2019,0.008653972744501902
19224,82,Prospect,Desktop,2/9/2019,0.004265501456512693
208904,287,Undetermined,Mobile Phone,2/9/2019,0.0013738367862750353
144951,388,Undetermined,Desktop,2/9/2019,0.002676766631482363
91830,1021,Customer,Mobile Phone,2/9/2019,0.01111837090275509
26137,32,Undetermined,Tablet,2/9/2019,0.001224318016604813
380060,707,Undetermined,All Devices,2/9/2019,0.0018602325948534441
16583,445,Customer,Tablet,2/9/2019,0.026834710245432068
227168,4762,Customer,All Devices,2/9/2019,0.020962459501338217
16977,122,Prospect,Desktop,3/26/2019,0.007186193084761736
224407,457,Undetermined,Mobile Phone,3/26/2019,0.002036478362974417
121250,716,Undetermined,Desktop,3/26/2019,0.005905154639175258
94023,781,Customer,Mobile Phone,3/26/2019,0.00830647820214203
20906,94,Undetermined,Tablet,3/26/2019,0.004496316846838228
368183,1267,Undetermined,All Devices,3/26/2019,0.0034412235219985713
13932,296,Customer,Tablet,3/26/2019,0.02124605225380419
242763,4744,Customer,All Devices,3/26/2019,0.01954169292684635
134847,3666,Customer,Desktop,3/26/2019,0.027186366771229615
26284,107,Prospect,Mobile Phone,3/26/2019,0.004070917668543601
342637,1345,All Visitors,Mobile Phone,3/26/2019,0.003925437124420305
272253,4504,All Visitors,Desktop,3/26/2019,0.016543435701351316
3336,18,Prospect,Tablet,3/26/2019,0.00539568345323741
37953,408,All Visitors,Tablet,3/26/2019,0.01075013832898585
47120,247,Prospect,All Devices,3/26/2019,0.005241935483870968
654935,6258,All Visitors,All Devices,3/26/2019,0.009555146693946727
3156,5,Prospect,Tablet,3/13/2019,0.0015842839036755386
36165,359,All Visitors,Tablet,3/13/2019,0.009926724733858703
47035,180,Prospect,All Devices,3/13/2019,0.0038269373870521953
693097,6563,All Visitors,All Devices,3/13/2019,0.009469093070666876
21701,98,Prospect,Desktop,3/13/2019,0.0045159209253029815
175752,238,Undetermined,Mobile Phone,3/13/2019,0.0013541808912558605
167040,624,Undetermined,Desktop,3/13/2019,0.003735632183908046
99062,1013,Customer,Mobile Phone,3/13/2019,0.010225919121358342
18732,32,Undetermined,Tablet,3/13/2019,0.001708306641042067
362682,894,Undetermined,All Devices,3/13/2019,0.002464969311959237
14354,322,Customer,Tablet,3/13/2019,0.02243277135293298
284791,5489,Customer,All Devices,3/13/2019,0.019273783230509392
171423,4154,Customer,Desktop,3/13/2019,0.024232454221428862
21951,77,Prospect,Mobile Phone,3/13/2019,0.003507812855906337
296098,1328,All Visitors,Mobile Phone,3/13/2019,0.004485001587312309
359499,4876,All Visitors,Desktop,3/13/2019,0.013563320064868052
447364,1245,Undetermined,All Devices,2/21/2019,0.0027829686787492957
16735,362,Customer,Tablet,2/21/2019,0.02163131162234837
327615,6812,Customer,All Devices,2/21/2019,0.02079269874700487
196099,5207,Customer,Desktop,2/21/2019,0.02655291459925854
28860,133,Prospect,Mobile Phone,2/21/2019,0.004608454608454608
374096,1779,All Visitors,Mobile Phone,2/21/2019,0.004755463838159189
417357,6112,All Visitors,Desktop,2/21/2019,0.014644536931212367
4401,5,Prospect,Tablet,2/21/2019,0.0011361054305839581
43744,421,All Visitors,Tablet,2/21/2019,0.009624177029992685
61352,255,Prospect,All Devices,2/21/2019,0.004156343721476072
835134,8312,All Visitors,All Devices,2/21/2019,0.009952893787104823
28100,117,Prospect,Desktop,2/21/2019,0.004163701067615658
230827,403,Undetermined,Mobile Phone,2/21/2019,0.001745896277298583
193744,788,Undetermined,Desktop,2/21/2019,0.004067222726897349
114936,1243,Customer,Mobile Phone,2/21/2019,0.010814714275770864
22683,54,Undetermined,Tablet,2/21/2019,0.002380637481814575
73321,745,Customer,Mobile Phone,3/18/2019,0.010160799770870555
15693,44,Undetermined,Tablet,3/18/2019,0.0028037978716625245
322119,945,Undetermined,All Devices,3/18/2019,0.0029336984158028555
12733,317,Customer,Tablet,3/18/2019,0.02489593968428493
248378,5008,Customer,All Devices,3/18/2019,0.020162816352494988
162348,3946,Customer,Desktop,3/18/2019,0.02430581220587873
20810,80,Prospect,Mobile Phone,3/18/2019,0.0038443056222969728
239185,1108,All Visitors,Mobile Phone,3/18/2019,0.004632397516566675
343875,4660,All Visitors,Desktop,3/18/2019,0.013551435841512178
3215,3,Prospect,Tablet,3/18/2019,0.0009331259720062209
31610,364,All Visitors,Tablet,3/18/2019,0.011515343245808288
46104,179,Prospect,All Devices,3/18/2019,0.0038825264619121985
616042,6132,All Visitors,All Devices,3/18/2019,0.00995386678181033
21709,96,Prospect,Desktop,3/18/2019,0.004422129070892257
145262,283,Undetermined,Mobile Phone,3/18/2019,0.0019482039349589019
160134,618,Undetermined,Desktop,3/18/2019,0.0038592678631645997
31503,136,Prospect,All Devices,3/9/2019,0.004317049169920325
559375,5877,All Visitors,All Devices,3/9/2019,0.010506368715083798
11646,53,Prospect,Desktop,3/9/2019,0.004550918770393268
172370,300,Undetermined,Mobile Phone,3/9/2019,0.0017404420722863607
116158,586,Undetermined,Desktop,3/9/2019,0.005044852700631898
84348,902,Customer,Mobile Phone,3/9/2019,0.01069379238393323
19680,49,Undetermined,Tablet,3/9/2019,0.002489837398373984
308319,935,Undetermined,All Devices,3/9/2019,0.003032573406115095
15535,431,Customer,Tablet,3/9/2019,0.02774380431284197
220092,4806,Customer,All Devices,3/9/2019,0.02183632299220326
120220,3473,Customer,Desktop,3/9/2019,0.028888704042588587
17262,80,Prospect,Mobile Phone,3/9/2019,0.004634457189201715
273767,1282,All Visitors,Mobile Phone,3/9/2019,0.004682814217929846
247745,4112,All Visitors,Desktop,3/9/2019,0.016597711356435046
2576,2,Prospect,Tablet,3/9/2019,0.0007763975155279503
37745,482,All Visitors,Tablet,3/9/2019,0.012769903298450127
183123,251,Undetermined,Mobile Phone,2/12/2019,0.0013706634338668546
160759,564,Undetermined,Desktop,2/12/2019,0.0035083572303883453
88257,810,Customer,Mobile Phone,2/12/2019,0.009177742275400252
22769,42,Undetermined,Tablet,2/12/2019,0.0018446132899995608
366730,857,Undetermined,All Devices,2/12/2019,0.0023368690862487387
14246,272,Customer,Tablet,2/12/2019,0.01909307875894988
247234,4993,Customer,All Devices,2/12/2019,0.020195442374430703
144775,3911,Customer,Desktop,2/12/2019,0.02701433258504576
21891,91,Prospect,Mobile Phone,2/12/2019,0.004156959481065278
293015,1152,All Visitors,Mobile Phone,2/12/2019,0.003931539340989369
327723,4571,All Visitors,Desktop,2/12/2019,0.013947754658659904
4297,6,Prospect,Tablet,2/12/2019,0.0013963230160577147
41268,320,All Visitors,Tablet,2/12/2019,0.007754192110109528
48698,193,Prospect,All Devices,2/12/2019,0.003963201774200172
662052,6043,All Visitors,All Devices,2/12/2019,0.009127681813513137
22499,96,Prospect,Desktop,2/12/2019,0.004266856304724655
25279,53,Undetermined,Tablet,2/23/2019,0.0020966019225444046
408531,1000,Undetermined,All Devices,2/23/2019,0.002447794659401612
16956,491,Customer,Tablet,2/23/2019,0.02895730125029488
241395,5275,Customer,All Devices,2/23/2019,0.02185215103875391
123318,3552,Customer,Desktop,2/23/2019,0.028803580985744173
20276,84,Prospect,Mobile Phone,2/23/2019,0.004142828960347208
355269,1670,All Visitors,Mobile Phone,2/23/2019,0.004700663440941934
288142,4224,All Visitors,Desktop,2/23/2019,0.01465943874895017
3512,10,Prospect,Tablet,2/23/2019,0.0028473804100227792
45713,554,All Visitors,Tablet,2/23/2019,0.01211909084943014
40003,173,Prospect,All Devices,2/23/2019,0.0043246756493263
689473,6448,All Visitors,All Devices,2/23/2019,0.009352070349382789
16210,79,Prospect,Desktop,2/23/2019,0.004873534855027761
234022,354,Undetermined,Mobile Phone,2/23/2019,0.0015126782952030152
148827,593,Undetermined,Desktop,2/23/2019,0.003984492061252326
101177,1232,Customer,Mobile Phone,2/23/2019,0.012176680470858
254899,5939,Customer,All Devices,3/6/2019,0.023299424477930476
160509,4624,Customer,Desktop,3/6/2019,0.028808353425664606
21817,124,Prospect,Mobile Phone,3/6/2019,0.005683641197231516
258675,1373,All Visitors,Mobile Phone,3/6/2019,0.005307818691408138
336311,5517,All Visitors,Desktop,3/6/2019,0.01640445896803851
3076,11,Prospect,Tablet,3/6/2019,0.003576072821846554
34235,439,All Visitors,Tablet,3/6/2019,0.012823134219366145
46681,272,Prospect,All Devices,3/6/2019,0.005826781774169362
630434,7331,All Visitors,All Devices,3/6/2019,0.011628497193996517
21619,136,Prospect,Desktop,3/6/2019,0.0062907627549840415
156066,316,Undetermined,Mobile Phone,3/6/2019,0.0020247843860930633
154545,757,Undetermined,Desktop,3/6/2019,0.0048982497007344136
81075,933,Customer,Mobile Phone,3/6/2019,0.011507863089731729
17846,47,Undetermined,Tablet,3/6/2019,0.00263364339347753
329541,1120,Undetermined,All Devices,3/6/2019,0.0033986666302523814
13354,381,Customer,Tablet,3/6/2019,0.02853077729519245
353950,918,Undetermined,All Devices,3/31/2019,0.0025935866647831614
16201,409,Customer,Tablet,3/31/2019,0.025245355224986114
207878,4372,Customer,All Devices,3/31/2019,0.02103156659194335
96786,2983,Customer,Desktop,3/31/2019,0.03082057322340008
24417,80,Prospect,Mobile Phone,3/31/2019,0.0032764057828562065
361985,1480,All Visitors,Mobile Phone,3/31/2019,0.0040885672058234455
192688,3460,All Visitors,Desktop,3/31/2019,0.0179564892468654
3235,7,Prospect,Tablet,3/31/2019,0.0021638330757341576
42149,507,All Visitors,Tablet,3/31/2019,0.01202875513060808
38603,157,Prospect,All Devices,3/31/2019,0.004067041421651167
599866,5447,All Visitors,All Devices,3/31/2019,0.00908036128068602
10148,70,Prospect,Desktop,3/31/2019,0.006897910918407568
242940,420,Undetermined,Mobile Phone,3/31/2019,0.001728821931341072
85958,407,Undetermined,Desktop,3/31/2019,0.004734870518160032
94933,980,Customer,Mobile Phone,3/31/2019,0.01032306995459956
22765,91,Undetermined,Tablet,3/31/2019,0.003997364375137272
179007,571,Undetermined,Desktop,2/8/2019,0.003189819392537722
85898,893,Customer,Mobile Phone,2/8/2019,0.010396051130410486
25157,41,Undetermined,Tablet,2/8/2019,0.0016297650753269468
418994,973,Undetermined,All Devices,2/8/2019,0.0023222289579325718
14291,309,Customer,Tablet,2/8/2019,0.02162199986005178
253703,4936,Customer,All Devices,2/8/2019,0.019455820388406916
153558,3734,Customer,Desktop,2/8/2019,0.024316544888576302
16263,98,Prospect,Mobile Phone,2/8/2019,0.006025948471991637
316687,1351,All Visitors,Mobile Phone,2/8/2019,0.004266041864680268
351938,4377,All Visitors,Desktop,2/8/2019,0.012436849672385477
2802,8,Prospect,Tablet,2/8/2019,0.0028551034975017845
42214,358,All Visitors,Tablet,2/8/2019,0.008480598853460938
38714,179,Prospect,All Devices,2/8/2019,0.00462365035904324
710880,6088,All Visitors,All Devices,2/8/2019,0.008564033310826018
19641,72,Prospect,Desktop,2/8/2019,0.003665801130288682
214753,360,Undetermined,Mobile Phone,2/8/2019,0.001676344451532691
223721,317,Undetermined,Mobile Phone,3/24/2019,0.001416943425069618
79655,316,Undetermined,Desktop,3/24/2019,0.003967108153913753
92998,825,Customer,Mobile Phone,3/24/2019,0.008871158519538054
23377,61,Undetermined,Tablet,3/24/2019,0.0026094024040723787
328524,694,Undetermined,All Devices,3/24/2019,0.002112478844772376
15487,414,Customer,Tablet,3/24/2019,0.026732097888551687
195413,3995,Customer,All Devices,3/24/2019,0.02044388039690297
86970,2756,Customer,Desktop,3/24/2019,0.031689088191330345
28092,112,Prospect,Mobile Phone,3/24/2019,0.0039869001851060805
344488,1254,All Visitors,Mobile Phone,3/24/2019,0.0036401848540442627
177927,3136,All Visitors,Desktop,3/24/2019,0.017625205842845663
3773,8,Prospect,Tablet,3/24/2019,0.0021203286509408957
42587,483,All Visitors,Tablet,3/24/2019,0.011341489186841055
43913,184,Prospect,All Devices,3/24/2019,0.004190103158517979
567274,4873,All Visitors,All Devices,3/24/2019,0.008590205086078332
11502,64,Prospect,Desktop,3/24/2019,0.0055642496957050945
169495,340,Undetermined,Mobile Phone,3/3/2019,0.0020059588778430044
124930,588,Undetermined,Desktop,3/3/2019,0.004706635716000961
86839,1196,Customer,Mobile Phone,3/3/2019,0.01377261368739852
19324,47,Undetermined,Tablet,3/3/2019,0.0024322086524529085
314355,975,Undetermined,All Devices,3/3/2019,0.003101588967886625
16062,467,Customer,Tablet,3/3/2019,0.02907483501431951
226742,5560,Customer,All Devices,3/3/2019,0.024521262051141825
123865,3897,Customer,Desktop,3/3/2019,0.031461671981592866
23754,107,Prospect,Mobile Phone,3/3/2019,0.0045045045045045045
279805,1643,All Visitors,Mobile Phone,3/3/2019,0.005871946534193456
265106,4580,All Visitors,Desktop,3/3/2019,0.017276108424554706
3524,10,Prospect,Tablet,3/3/2019,0.0028376844494892167
38869,524,All Visitors,Tablet,3/3/2019,0.013481180375106126
43986,212,Prospect,All Devices,3/3/2019,0.004819715363979448
584435,6747,All Visitors,All Devices,3/3/2019,0.011544483133282572
16631,95,Prospect,Desktop,3/3/2019,0.0057122241597017615
207942,249,Undetermined,Mobile Phone,2/10/2019,0.0011974492887439766
140591,353,Undetermined,Desktop,2/10/2019,0.0025108292849471163
86474,871,Customer,Mobile Phone,2/10/2019,0.010072391701551912
25654,47,Undetermined,Tablet,2/10/2019,0.0018320729710766352
374400,649,Undetermined,All Devices,2/10/2019,0.001733440170940171
16178,405,Customer,Tablet,2/10/2019,0.025033996785758437
216276,4187,Customer,All Devices,2/10/2019,0.019359522092141524
113659,2910,Customer,Desktop,2/10/2019,0.025602899902339455
24476,87,Prospect,Mobile Phone,2/10/2019,0.0035545023696682463
318592,1207,All Visitors,Mobile Phone,2/10/2019,0.0037885445962233828
272816,3349,All Visitors,Desktop,2/10/2019,0.01227567298105683
4433,8,Prospect,Tablet,2/10/2019,0.0018046469659372885
46218,460,All Visitors,Tablet,2/10/2019,0.009952832229867151
47784,181,Prospect,All Devices,2/10/2019,0.003787878787878788
637810,5017,All Visitors,All Devices,2/10/2019,0.007865978896536585
18867,86,Prospect,Desktop,2/10/2019,0.004558223352944295
43226,234,Prospect,All Devices,3/11/2019,0.005413408596677926
629173,6393,All Visitors,All Devices,3/11/2019,0.010160957320164725
19228,123,Prospect,Desktop,3/11/2019,0.006396921156646557
162171,290,Undetermined,Mobile Phone,3/11/2019,0.0017882358744781743
151662,705,Undetermined,Desktop,3/11/2019,0.004648494678957155
78720,809,Customer,Mobile Phone,3/11/2019,0.010276930894308943
17411,36,Undetermined,Tablet,3/11/2019,0.0020676583768881743
331293,1033,Undetermined,All Devices,3/11/2019,0.0031180858032013956
13290,326,Customer,Tablet,3/11/2019,0.02452972159518435
255289,5126,Customer,All Devices,3/11/2019,0.020079204352713983
163301,3991,Customer,Desktop,3/11/2019,0.024439531907336758
21013,102,Prospect,Mobile Phone,3/11/2019,0.0048541379146242805
261686,1201,All Visitors,Mobile Phone,3/11/2019,0.0045894698226118325
333815,4819,All Visitors,Desktop,3/11/2019,0.01443613977802076
2957,9,Prospect,Tablet,3/11/2019,0.003043625295908015
33620,371,All Visitors,Tablet,3/11/2019,0.011035098155859607
331029,4196,All Visitors,Desktop,2/5/2019,0.01267562660673234
2844,4,Prospect,Tablet,2/5/2019,0.0014064697609001407
37627,352,All Visitors,Tablet,2/5/2019,0.00935498445265368
38005,164,Prospect,All Devices,2/5/2019,0.004315221681357716
638629,5693,All Visitors,All Devices,2/5/2019,0.008914408835176605
18790,82,Prospect,Desktop,2/5/2019,0.004364023416711016
176346,272,Undetermined,Mobile Phone,2/5/2019,0.00154242228346546
160267,556,Undetermined,Desktop,2/5/2019,0.003469210754553339
77440,795,Customer,Mobile Phone,2/5/2019,0.010266012396694215
21429,41,Undetermined,Tablet,2/5/2019,0.0019132950674319847
358095,869,Undetermined,All Devices,2/5/2019,0.0024267303369217667
13388,307,Customer,Tablet,2/5/2019,0.022930982969823724
243011,4660,Customer,All Devices,2/5/2019,0.019176086679203824
152234,3558,Customer,Desktop,2/5/2019,0.023371914289843268
16361,78,Prospect,Mobile Phone,2/5/2019,0.004767434753376933
269962,1145,All Visitors,Mobile Phone,2/5/2019,0.004241337669746112
79729,936,Customer,Mobile Phone,3/16/2019,0.011739768465677482
20986,56,Undetermined,Tablet,3/16/2019,0.00266844563042028
327857,816,Undetermined,All Devices,3/16/2019,0.0024888899733725373
14494,405,Customer,Tablet,3/16/2019,0.02794259693666345
212715,4705,Customer,All Devices,3/16/2019,0.02211879745198975
118499,3364,Customer,Desktop,3/16/2019,0.028388425218778216
21711,91,Prospect,Mobile Phone,3/16/2019,0.004191423702270739
270584,1282,All Visitors,Mobile Phone,3/16/2019,0.004737900245395145
269354,3964,All Visitors,Desktop,3/16/2019,0.01471669253101866
3358,6,Prospect,Tablet,3/16/2019,0.001786777843954735
38783,467,All Visitors,Tablet,3/16/2019,0.01204135832710208
40713,192,Prospect,All Devices,3/16/2019,0.004715938398054675
580696,5713,All Visitors,All Devices,3/16/2019,0.0098381941669996
15337,95,Prospect,Desktop,3/16/2019,0.006194170959118472
169425,255,Undetermined,Mobile Phone,3/16/2019,0.0015050907481186366
135771,505,Undetermined,Desktop,3/16/2019,0.0037194982728270395
15064,386,Customer,Tablet,3/10/2019,0.025624004248539566
207811,4299,Customer,All Devices,3/10/2019,0.02068706661341315
112555,3033,Customer,Desktop,3/10/2019,0.026946825996179646
21713,82,Prospect,Mobile Phone,3/10/2019,0.0037765394003592316
261116,1207,All Visitors,Mobile Phone,3/10/2019,0.004622466643177745
236536,3649,All Visitors,Desktop,3/10/2019,0.015426827206006697
3290,10,Prospect,Tablet,3/10/2019,0.00303951367781155
37931,450,All Visitors,Tablet,3/10/2019,0.011863647148770135
38146,164,Prospect,All Devices,3/10/2019,0.004299271221097887
535700,5308,All Visitors,All Devices,3/10/2019,0.009908530894157178
13107,72,Prospect,Desktop,3/10/2019,0.005493247882810712
159871,245,Undetermined,Mobile Phone,3/10/2019,0.001532485566487981
111532,544,Undetermined,Desktop,3/10/2019,0.004877523939317864
80212,880,Customer,Mobile Phone,3/10/2019,0.010970927043335162
19688,54,Undetermined,Tablet,3/10/2019,0.002742787484762292
291194,845,Undetermined,All Devices,3/10/2019,0.0029018455050584834
131073,3815,Customer,Desktop,3/2/2019,0.02910591807618655
24743,118,Prospect,Mobile Phone,3/2/2019,0.00476902558299317
300247,1699,All Visitors,Mobile Phone,3/2/2019,0.005658674358111821
276661,4537,All Visitors,Desktop,3/2/2019,0.016399131066539917
3449,12,Prospect,Tablet,3/2/2019,0.0034792693534357786
40572,624,All Visitors,Tablet,3/2/2019,0.015380065069506064
45233,241,Prospect,All Devices,3/2/2019,0.005327968518559459
617902,6862,All Visitors,All Devices,3/2/2019,0.011105320908493579
16990,109,Prospect,Desktop,3/2/2019,0.0064155385520894646
179557,330,Undetermined,Mobile Phone,3/2/2019,0.0018378565023919981
128910,613,Undetermined,Desktop,3/2/2019,0.00475525560468544
96279,1251,Customer,Mobile Phone,3/2/2019,0.012993487676440344
20217,56,Undetermined,Tablet,3/2/2019,0.0027699460849779887
329074,999,Undetermined,All Devices,3/2/2019,0.003035791341765074
16966,556,Customer,Tablet,3/2/2019,0.03277142520334787
244302,5622,Customer,All Devices,3/2/2019,0.023012500920991233
310025,1397,All Visitors,Mobile Phone,2/7/2019,0.004506088218692041
344519,4556,All Visitors,Desktop,2/7/2019,0.013224234367335328
3191,5,Prospect,Tablet,2/7/2019,0.0015669069257286117
42246,356,All Visitors,Tablet,2/7/2019,0.008426833309662454
40601,186,Prospect,All Devices,2/7/2019,0.004581167951528287
696833,6312,All Visitors,All Devices,2/7/2019,0.009058124399963837
19949,95,Prospect,Desktop,2/7/2019,0.004762143465837886
199045,314,Undetermined,Mobile Phone,2/7/2019,0.001577532718731945
167437,534,Undetermined,Desktop,2/7/2019,0.0031892592437752706
93770,998,Customer,Mobile Phone,2/7/2019,0.010643062813266503
24334,42,Undetermined,Tablet,2/7/2019,0.001725980110133969
390894,892,Undetermined,All Devices,2/7/2019,0.0022819485589443684
14759,309,Customer,Tablet,2/7/2019,0.020936377803374213
265983,5234,Customer,All Devices,2/7/2019,0.01967794934262716
157491,3927,Customer,Desktop,2/7/2019,0.024934758176657714
17452,85,Prospect,Mobile Phone,2/7/2019,0.004870501948200779
20201,88,Prospect,Mobile Phone,3/19/2019,0.00435621998910945
242081,1118,All Visitors,Mobile Phone,3/19/2019,0.004618288919824356
335250,5010,All Visitors,Desktop,3/19/2019,0.01494407158836689
3071,8,Prospect,Tablet,3/19/2019,0.0026050146532074245
32318,392,All Visitors,Tablet,3/19/2019,0.012129463456897084
43018,206,Prospect,All Devices,3/19/2019,0.004788693105211772
609722,6521,All Visitors,All Devices,3/19/2019,0.01069503806652868
19697,110,Prospect,Desktop,3/19/2019,0.005584606792912626
137946,342,Undetermined,Mobile Phone,3/19/2019,0.0024792310034361274
155500,750,Undetermined,Desktop,3/19/2019,0.00482315112540193
84161,688,Customer,Mobile Phone,3/19/2019,0.008174807808842575
15456,67,Undetermined,Tablet,3/19/2019,0.004334886128364389
308960,1159,Undetermined,All Devices,3/19/2019,0.0037512946659761784
13839,317,Customer,Tablet,3/19/2019,0.02290627935544476
258394,5157,Customer,All Devices,3/19/2019,0.019957893759143013
160420,4151,Customer,Desktop,3/19/2019,0.025875825956863233
248364,5254,Customer,All Devices,3/25/2019,0.02115443462015429
140771,4077,Customer,Desktop,3/25/2019,0.028961931079554738
28191,130,Prospect,Mobile Phone,3/25/2019,0.004611400801674293
333187,1343,All Visitors,Mobile Phone,3/25/2019,0.004030769507813931
274780,4819,All Visitors,Desktop,3/25/2019,0.01753766649683383
3597,11,Prospect,Tablet,3/25/2019,0.0030581039755351682
37663,383,All Visitors,Tablet,3/25/2019,0.010169131508376922
49951,270,Prospect,All Devices,3/25/2019,0.005405297191247422
647800,6545,All Visitors,All Devices,3/25/2019,0.010103426983636926
17570,129,Prospect,Desktop,3/25/2019,0.007342060330108139
211886,363,Undetermined,Mobile Phone,3/25/2019,0.0017131853921448325
116726,613,Undetermined,Desktop,3/25/2019,0.005251614892997276
93418,850,Customer,Mobile Phone,3/25/2019,0.009098888865100943
19895,45,Undetermined,Tablet,3/25/2019,0.002261874842925358
350130,1021,Undetermined,All Devices,3/25/2019,0.0029160597492359983
14217,327,Customer,Tablet,3/25/2019,0.023000633044946192
146228,3982,Customer,Desktop,2/11/2019,0.027231446781738108
22494,97,Prospect,Mobile Phone,2/11/2019,0.004312261047390415
309294,1163,All Visitors,Mobile Phone,2/11/2019,0.0037601764017407384
345299,4612,All Visitors,Desktop,2/11/2019,0.0133565402737917
4135,13,Prospect,Tablet,2/11/2019,0.003143893591293833
41772,342,All Visitors,Tablet,2/11/2019,0.008187302499281816
49779,212,Prospect,All Devices,2/11/2019,0.004258824002089235
696586,6118,All Visitors,All Devices,2/11/2019,0.008782835141676692
23133,102,Prospect,Desktop,2/11/2019,0.0044092854363895735
208457,250,Undetermined,Mobile Phone,2/11/2019,0.0011992881025823072
176326,528,Undetermined,Desktop,2/11/2019,0.002994453455531232
78626,816,Customer,Mobile Phone,2/11/2019,0.01037824638160405
24423,41,Undetermined,Tablet,2/11/2019,0.001678745444867543
409437,820,Undetermined,All Devices,2/11/2019,0.0020027501178447476
13255,288,Customer,Tablet,2/11/2019,0.02172764994341758
238083,5086,Customer,All Devices,2/11/2019,0.021362298022118337
21460,125,Prospect,Desktop,3/5/2019,0.005824790307548928
160405,309,Undetermined,Mobile Phone,3/5/2019,0.0019263738661513044
160582,665,Undetermined,Desktop,3/5/2019,0.00414118643434507
80715,931,Customer,Mobile Phone,3/5/2019,0.011534411199900885
17879,50,Undetermined,Tablet,3/5/2019,0.0027965769897645284
339640,1024,Undetermined,All Devices,3/5/2019,0.0030149570133082087
13119,356,Customer,Tablet,3/5/2019,0.027136214650506897
255906,5792,Customer,All Devices,3/5/2019,0.022633310668761186
162106,4505,Customer,Desktop,3/5/2019,0.027790458095320346
20451,99,Prospect,Mobile Phone,3/5/2019,0.004840839078773654
261326,1339,All Visitors,Mobile Phone,3/5/2019,0.00512386827181375
343819,5295,All Visitors,Desktop,3/5/2019,0.015400545054229114
2817,10,Prospect,Tablet,3/5/2019,0.003549875754348598
33782,416,All Visitors,Tablet,3/5/2019,0.01231425019241016
44856,235,Prospect,All Devices,3/5/2019,0.005238986980560014
639790,7051,All Visitors,All Devices,3/5/2019,0.01102080370121446
79075,787,Customer,Mobile Phone,2/6/2019,0.009952576667720519
22085,37,Undetermined,Tablet,2/6/2019,0.0016753452569617387
348434,852,Undetermined,All Devices,2/6/2019,0.0024452263556369357
13652,264,Customer,Tablet,2/6/2019,0.019337825959566363
242911,4381,Customer,All Devices,2/6/2019,0.018035412146835673
150209,3329,Customer,Desktop,2/6/2019,0.022162453647917236
19504,106,Prospect,Mobile Phone,2/6/2019,0.005434782608695652
269618,1172,All Visitors,Mobile Phone,2/6/2019,0.004346890786223472
326372,3962,All Visitors,Desktop,2/6/2019,0.01213952177270109
3428,7,Prospect,Tablet,2/6/2019,0.002042007001166861
39136,308,All Visitors,Tablet,2/6/2019,0.007869991823385119
44375,212,Prospect,All Devices,2/6/2019,0.004777464788732394
635154,5445,All Visitors,All Devices,2/6/2019,0.008572724095258787
21437,98,Prospect,Desktop,2/6/2019,0.004571535196156179
171252,279,Undetermined,Mobile Phone,2/6/2019,0.0016291780533949968
155046,535,Undetermined,Desktop,2/6/2019,0.0034505888575003547
94438,3081,Customer,Desktop,3/23/2019,0.03262457908892607
27964,102,Prospect,Mobile Phone,3/23/2019,0.0036475468459447862
355888,1397,All Visitors,Mobile Phone,3/23/2019,0.003925392258238547
189812,3425,All Visitors,Desktop,3/23/2019,0.018044170020862747
3694,8,Prospect,Tablet,3/23/2019,0.002165674066053059
43460,476,All Visitors,Tablet,3/23/2019,0.010952600092038656
44116,172,Prospect,All Devices,3/23/2019,0.0038988122223229667
590888,5298,All Visitors,All Devices,3/23/2019,0.008966166177008164
12046,62,Prospect,Desktop,3/23/2019,0.005146936742487133
228567,344,Undetermined,Mobile Phone,3/23/2019,0.0015050291599399738
83569,282,Undetermined,Desktop,3/23/2019,0.0033744570355035957
99720,951,Customer,Mobile Phone,3/23/2019,0.0095367027677497
23609,52,Undetermined,Tablet,3/23/2019,0.0022025498750476514
337113,678,Undetermined,All Devices,3/23/2019,0.002011195059223465
16224,416,Customer,Tablet,3/23/2019,0.02564102564102564
210333,4448,Customer,All Devices,3/23/2019,0.021147418617145194
97140,1207,Customer,Mobile Phone,2/27/2019,0.012425365451925057
20483,59,Undetermined,Tablet,2/27/2019,0.002880437435922472
398582,1587,Undetermined,All Devices,2/27/2019,0.003981614824553041
13761,370,Customer,Tablet,2/27/2019,0.026887580844415376
271480,6046,Customer,All Devices,2/27/2019,0.022270517165168705
160627,4469,Customer,Desktop,2/27/2019,0.027822221668835252
20778,147,Prospect,Mobile Phone,2/27/2019,0.007074790643950332
323694,1906,All Visitors,Mobile Phone,2/27/2019,0.005888277200071673
351063,5583,All Visitors,Desktop,2/27/2019,0.015903128498303724
2816,8,Prospect,Tablet,2/27/2019,0.002840909090909091
37029,437,All Visitors,Tablet,2/27/2019,0.011801560938723704
42680,295,Prospect,All Devices,2/27/2019,0.006911902530459231
712073,7928,All Visitors,All Devices,2/27/2019,0.011133689944710725
19058,139,Prospect,Desktop,2/27/2019,0.007293525028859272
206058,552,Undetermined,Mobile Phone,2/27/2019,0.002678857409078997
171731,975,Undetermined,Desktop,2/27/2019,0.0056774839720260175
231106,435,Undetermined,Mobile Phone,3/22/2019,0.0018822531652142307
113672,472,Undetermined,Desktop,3/22/2019,0.004152297839397565
104594,947,Customer,Mobile Phone,3/22/2019,0.009054056638048072
21237,94,Undetermined,Tablet,3/22/2019,0.0044262372274803405
367142,1001,Undetermined,All Devices,3/22/2019,0.002726465509257998
17231,314,Customer,Tablet,3/22/2019,0.0182229702280773
263383,5073,Customer,All Devices,3/22/2019,0.01926092420543467
141618,3812,Customer,Desktop,3/22/2019,0.02691748224095807
22989,109,Prospect,Mobile Phone,3/22/2019,0.004741398059941711
358419,1491,All Visitors,Mobile Phone,3/22/2019,0.0041599357176935374
271272,4382,All Visitors,Desktop,3/22/2019,0.01615352856173877
3099,14,Prospect,Tablet,3/22/2019,0.00451758631816715
41532,422,All Visitors,Tablet,3/22/2019,0.010160839834344602
42665,222,Prospect,All Devices,3/22/2019,0.005203328255009961
672620,6296,All Visitors,All Devices,3/22/2019,0.009360411525081026
16244,98,Prospect,Desktop,3/22/2019,0.006032996798818025
148401,743,Undetermined,Desktop,3/1/2019,0.005006704806571384
100142,1138,Customer,Mobile Phone,3/1/2019,0.011363863314093987
18099,61,Undetermined,Tablet,3/1/2019,0.0033703519531465827
344857,1168,Undetermined,All Devices,3/1/2019,0.00338691109648347
16156,383,Customer,Tablet,3/1/2019,0.023706362961128994
289451,6300,Customer,All Devices,3/1/2019,0.021765341974980222
173188,4778,Customer,Desktop,3/1/2019,0.02758851652539437
23633,166,Prospect,Mobile Phone,3/1/2019,0.007024076503194685
301636,1668,All Visitors,Mobile Phone,3/1/2019,0.005529843917834741
342238,5658,All Visitors,Desktop,3/1/2019,0.016532354677154495
3314,14,Prospect,Tablet,3/1/2019,0.004224502112251056
37524,458,All Visitors,Tablet,3/1/2019,0.01220552179938173
48006,318,Prospect,All Devices,3/1/2019,0.006624171978502687
681591,7786,All Visitors,All Devices,3/1/2019,0.011423272901197346
21022,137,Prospect,Desktop,3/1/2019,0.006516982209114262
178163,364,Undetermined,Mobile Phone,3/1/2019,0.0020430729163743314
22261,137,Prospect,Mobile Phone,2/28/2019,0.006154260814878038
276223,1467,All Visitors,Mobile Phone,2/28/2019,0.005310926316780282
328003,5074,All Visitors,Desktop,2/28/2019,0.015469370706975242
2891,7,Prospect,Tablet,2/28/2019,0.002421307506053269
32575,378,All Visitors,Tablet,2/28/2019,0.0116039907904835
43037,266,Prospect,All Devices,2/28/2019,0.006180728210609476
636347,6919,All Visitors,All Devices,2/28/2019,0.010872998536961751
17938,122,Prospect,Desktop,2/28/2019,0.006801204147619579
172959,431,Undetermined,Mobile Phone,2/28/2019,0.0024919200504165727
159513,906,Undetermined,Desktop,2/28/2019,0.005679787854281469
83127,899,Customer,Mobile Phone,2/28/2019,0.010814777388814706
17795,61,Undetermined,Tablet,2/28/2019,0.0034279291935937063
350187,1398,Undetermined,All Devices,2/28/2019,0.003992152764094612
12091,310,Customer,Tablet,2/28/2019,0.02563890497063932
247150,5255,Customer,All Devices,2/28/2019,0.021262391260368198
152206,4046,Customer,Desktop,2/28/2019,0.02658239491215852
124472,600,Undetermined,Desktop,3/20/2019,0.004820361205733016
108307,806,Customer,Mobile Phone,3/20/2019,0.007441808932017321
18891,91,Undetermined,Tablet,3/20/2019,0.004817108676089143
340718,1115,Undetermined,All Devices,3/20/2019,0.0032725010125675778
15423,361,Customer,Tablet,3/20/2019,0.023406600531673476
264970,5059,Customer,All Devices,3/20/2019,0.01909272747858248
141595,3892,Customer,Desktop,3/20/2019,0.02748684628694516
20153,84,Prospect,Mobile Phone,3/20/2019,0.004168113928447377
324860,1314,All Visitors,Mobile Phone,3/20/2019,0.004044819306778305
281714,4588,All Visitors,Desktop,3/20/2019,0.016286020574057376
2772,12,Prospect,Tablet,3/20/2019,0.004329004329004329
37048,464,All Visitors,Tablet,3/20/2019,0.012524292809328439
39083,192,Prospect,All Devices,3/20/2019,0.004912621856049945
644274,6366,All Visitors,All Devices,3/20/2019,0.009880889186898742
15881,96,Prospect,Desktop,3/20/2019,0.0060449593854291295
196609,424,Undetermined,Mobile Phone,3/20/2019,0.0021565645519788005
171400,4853,Customer,Desktop,3/4/2019,0.028313885647607933
23459,120,Prospect,Mobile Phone,3/4/2019,0.005115307557866917
272458,1442,All Visitors,Mobile Phone,3/4/2019,0.005292558853107635
356848,5727,All Visitors,Desktop,3/4/2019,0.016048849930502623
3155,14,Prospect,Tablet,3/4/2019,0.0044374009508716325
34282,440,All Visitors,Tablet,3/4/2019,0.012834723761740855
49184,265,Prospect,All Devices,3/4/2019,0.005387931034482759
664686,7609,All Visitors,All Devices,3/4/2019,0.011447510553855504
22435,131,Prospect,Desktop,3/4/2019,0.005839090706485402
165571,323,Undetermined,Mobile Phone,3/4/2019,0.0019508247217205912
163578,743,Undetermined,Desktop,3/4/2019,0.004542175598185575
83807,999,Customer,Mobile Phone,3/4/2019,0.011920245325569463
17209,54,Undetermined,Tablet,3/4/2019,0.003137892962984485
347359,1120,Undetermined,All Devices,3/4/2019,0.0032243298719768308
13987,372,Customer,Tablet,3/4/2019,0.02659612497318939
269161,6224,Customer,All Devices,3/4/2019,0.023123706629117887
2491,12,Prospect,Tablet,3/15/2019,0.004817342432757929
35232,384,All Visitors,Tablet,3/15/2019,0.010899182561307902
36260,211,Prospect,All Devices,3/15/2019,0.005819084390512962
642488,6460,All Visitors,All Devices,3/15/2019,0.010054662499533065
17123,103,Prospect,Desktop,3/15/2019,0.0060153010570577585
165910,340,Undetermined,Mobile Phone,3/15/2019,0.002049303839431017
162931,600,Undetermined,Desktop,3/15/2019,0.003682540461913325
79729,876,Customer,Mobile Phone,3/15/2019,0.01098721920505713
18670,50,Undetermined,Tablet,3/15/2019,0.002678093197643278
348837,990,Undetermined,All Devices,3/15/2019,0.0028380017028010215
14116,322,Customer,Tablet,3/15/2019,0.022810994616038537
257987,5259,Customer,All Devices,3/15/2019,0.020384748068701136
164170,4061,Customer,Desktop,3/15/2019,0.024736553572516293
16411,96,Prospect,Mobile Phone,3/15/2019,0.005849734933885809
261810,1312,All Visitors,Mobile Phone,3/15/2019,0.00501126771322715
343916,4764,All Visitors,Desktop,3/15/2019,0.013852219728073134
253349,4481,Customer,All Devices,2/15/2019,0.017687064089457624
153677,3289,Customer,Desktop,2/15/2019,0.021402031533671272
20868,97,Prospect,Mobile Phone,2/15/2019,0.004648265286563159
291843,1242,All Visitors,Mobile Phone,2/15/2019,0.004255712831899343
335396,3956,All Visitors,Desktop,2/15/2019,0.0117950124628797
3739,9,Prospect,Tablet,2/15/2019,0.0024070607114201658
38618,409,All Visitors,Tablet,2/15/2019,0.010590916153089233
46866,219,Prospect,All Devices,2/15/2019,0.004672897196261682
665895,5608,All Visitors,All Devices,2/15/2019,0.008421748173510839
22247,113,Prospect,Desktop,2/15/2019,0.00507933653975817
185715,294,Undetermined,Mobile Phone,2/15/2019,0.0015830708343429448
159781,554,Undetermined,Desktop,2/15/2019,0.003467245792678729
85510,851,Customer,Mobile Phone,2/15/2019,0.009952052391533154
20734,59,Undetermined,Tablet,2/15/2019,0.0028455676666345135
366288,908,Undetermined,All Devices,2/15/2019,0.0024789236884637227
14192,341,Customer,Tablet,2/15/2019,0.02402762119503946
347337,4631,All Visitors,Desktop,2/26/2019,0.013332872685605046
3079,10,Prospect,Tablet,2/26/2019,0.003247807729782397
35470,407,All Visitors,Tablet,2/26/2019,0.011474485480687906
48968,233,Prospect,All Devices,2/26/2019,0.0047582094429014865
694324,6481,All Visitors,All Devices,2/26/2019,0.00933425893386949
22334,104,Prospect,Desktop,2/26/2019,0.004656577415599534
188153,398,Undetermined,Mobile Phone,2/26/2019,0.002115299782623716
163959,729,Undetermined,Desktop,2/26/2019,0.0044462335095969115
98984,925,Customer,Mobile Phone,2/26/2019,0.009344944637517175
18940,47,Undetermined,Tablet,2/26/2019,0.002481520591341077
372179,1175,Undetermined,All Devices,2/26/2019,0.0031570830165054986
13496,350,Customer,Tablet,2/26/2019,0.025933609958506226
273852,5074,Customer,All Devices,2/26/2019,0.018528256138352104
161411,3799,Customer,Desktop,2/26/2019,0.023536190222475543
23473,119,Prospect,Mobile Phone,2/26/2019,0.005069654496655732
310351,1442,All Visitors,Mobile Phone,2/26/2019,0.004646352033665108
45094,202,Prospect,All Devices,3/30/2019,0.004479531645008205
624053,5448,All Visitors,All Devices,3/30/2019,0.00873002773802866
10996,86,Prospect,Desktop,3/30/2019,0.007821025827573663
253532,411,Undetermined,Mobile Phone,3/30/2019,0.0016210971396115677
84151,378,Undetermined,Desktop,3/30/2019,0.004491925229646707
108058,1050,Customer,Mobile Phone,3/30/2019,0.009717003831275797
23696,62,Undetermined,Tablet,3/30/2019,0.0026164753544902094
363043,853,Undetermined,All Devices,3/30/2019,0.002349583933583625
16125,464,Customer,Tablet,3/30/2019,0.028775193798449613
216612,4393,Customer,All Devices,3/30/2019,0.020280501541927502
92489,2879,Customer,Desktop,3/30/2019,0.03112802603552855
29662,111,Prospect,Mobile Phone,3/30/2019,0.0037421616883554715
390844,1572,All Visitors,Mobile Phone,3/30/2019,0.00402206506943947
187410,3343,All Visitors,Desktop,3/30/2019,0.01783789552318446
3854,5,Prospect,Tablet,3/30/2019,0.0012973533990659055
43614,531,All Visitors,Tablet,3/30/2019,0.012174989682212133
285902,1411,All Visitors,Mobile Phone,3/8/2019,0.00493525753579898
351146,5187,All Visitors,Desktop,3/8/2019,0.014771633451612719
36927,407,All Visitors,Tablet,3/8/2019,0.011021745606196008
674127,7006,All Visitors,All Devices,3/8/2019,0.010392700485220145
285902,1411,Undetermined,Mobile Phone,3/8/2019,0.00493525753579898
351146,5187,Undetermined,Desktop,3/8/2019,0.014771633451612719
36927,407,Undetermined,Tablet,3/8/2019,0.011021745606196008
674127,7006,Undetermined,All Devices,3/8/2019,0.010392700485220145
249552,4508,Customer,All Devices,2/13/2019,0.01806437135346541
152603,3475,Customer,Desktop,2/13/2019,0.022771505147343107
21427,110,Prospect,Mobile Phone,2/13/2019,0.005133709805385728
286453,1157,All Visitors,Mobile Phone,2/13/2019,0.004039057018079755
343171,4219,All Visitors,Desktop,2/13/2019,0.012294162385516259
3924,16,Prospect,Tablet,2/13/2019,0.004077471967380225
38420,333,All Visitors,Tablet,2/13/2019,0.008667360749609578
48092,221,Prospect,All Devices,2/13/2019,0.0045953588954503865
668065,5708,All Visitors,All Devices,2/13/2019,0.008544078794728058
22727,95,Prospect,Desktop,2/13/2019,0.004180050160601927
181897,280,Undetermined,Mobile Phone,2/13/2019,0.0015393326992748644
168143,649,Undetermined,Desktop,2/13/2019,0.003859809804749529
83362,767,Customer,Mobile Phone,2/13/2019,0.00920083491279
20899,50,Undetermined,Tablet,2/13/2019,0.002392458969328676
370989,979,Undetermined,All Devices,2/13/2019,0.0026388922582610266
13628,267,Customer,Tablet,2/13/2019,0.01959201643674787
371834,1283,Undetermined,All Devices,2/19/2019,0.0034504644545684366
13915,265,Customer,Tablet,2/19/2019,0.019044196909809557
254518,4380,Customer,All Devices,2/19/2019,0.017208998970603257
150879,3385,Customer,Desktop,2/19/2019,0.022435196415670836
15405,75,Prospect,Mobile Phone,2/19/2019,0.004868549172346641
286630,1135,All Visitors,Mobile Phone,2/19/2019,0.00395980881275512
338277,4332,All Visitors,Desktop,2/19/2019,0.012806073129417608
2941,3,Prospect,Tablet,2/19/2019,0.0010200612036722204
37725,338,All Visitors,Tablet,2/19/2019,0.008959575878064943
36820,145,Prospect,All Devices,2/19/2019,0.003938077131993482
662657,5807,All Visitors,All Devices,2/19/2019,0.008763206304317317
18469,66,Prospect,Desktop,2/19/2019,0.00357355568790947
181657,330,Undetermined,Mobile Phone,2/19/2019,0.0018166104251418882
169224,882,Undetermined,Desktop,2/19/2019,0.0052120266628846975
89765,730,Customer,Mobile Phone,2/19/2019,0.008132345568985684
20888,70,Undetermined,Tablet,2/19/2019,0.003351206434316354
6185,57,Customer,All Devices,3/27/2019,0.00921584478577203
2103,31,Customer,Desktop,3/27/2019,0.014740846409890632
1382,3,Prospect,Mobile Phone,3/27/2019,0.002170767004341534
358725,1533,All Visitors,Mobile Phone,3/27/2019,0.00427346853439264
265624,4392,All Visitors,Desktop,3/27/2019,0.016534650483390055
142,0,Prospect,Tablet,3/27/2019,0.0
38629,408,All Visitors,Tablet,3/27/2019,0.01056201299541795
2221,3,Prospect,All Devices,3/27/2019,0.0013507429085997298
665719,6333,All Visitors,All Devices,3/27/2019,0.009513022761855979
584,0,Prospect,Desktop,3/27/2019,0.0
354743,1506,Undetermined,Mobile Phone,3/27/2019,0.004245326898628021
263239,4361,Undetermined,Desktop,3/27/2019,0.016566694144864554
3668,24,Customer,Mobile Phone,3/27/2019,0.006543075245365322
38170,406,Undetermined,Tablet,3/27/2019,0.0106366256222164
658794,6273,Undetermined,All Devices,3/27/2019,0.009521944644304593
413,2,Customer,Tablet,3/27/2019,0.004842615012106538
22154,90,Prospect,Desktop,2/14/2019,0.004062471788390358
174687,262,Undetermined,Mobile Phone,2/14/2019,0.0014998254020047285
157083,576,Undetermined,Desktop,2/14/2019,0.0036668512824430395
82352,690,Customer,Mobile Phone,2/14/2019,0.008378667184767825
19510,29,Undetermined,Tablet,2/14/2019,0.001486417221937468
351345,867,Undetermined,All Devices,2/14/2019,0.0024676599923152457
13313,259,Customer,Tablet,2/14/2019,0.019454668369263125
239925,4063,Customer,All Devices,2/14/2019,0.016934458685005732
144290,3114,Customer,Desktop,2/14/2019,0.0215815371820639
20957,95,Prospect,Mobile Phone,2/14/2019,0.004533091568449683
277593,1047,All Visitors,Mobile Phone,2/14/2019,0.003771708940787412
323082,3780,All Visitors,Desktop,2/14/2019,0.011699816145746281
3754,15,Prospect,Tablet,2/14/2019,0.003995737879595098
36528,303,All Visitors,Tablet,2/14/2019,0.008295006570302233
46875,200,Prospect,All Devices,2/14/2019,0.004266666666666667
637245,5130,All Visitors,All Devices,2/14/2019,0.008050278935103454
13063,57,Prospect,All Devices,3/28/2019,0.004363469340886474
686746,6075,All Visitors,All Devices,3/28/2019,0.008846065357497532
5172,25,Prospect,Desktop,3/28/2019,0.004833720030935808
340539,1240,Undetermined,Mobile Phone,3/28/2019,0.0036412863137555464
225137,3203,Undetermined,Desktop,3/28/2019,0.014226892958509707
32990,265,Customer,Mobile Phone,3/28/2019,0.008032737193088816
35277,296,Undetermined,Tablet,3/28/2019,0.008390736173710917
603708,4741,Undetermined,All Devices,3/28/2019,0.00785313429671298
4031,48,Customer,Tablet,3/28/2019,0.011907715207144629
81411,1277,Customer,All Devices,3/28/2019,0.015685840979720186
44397,964,Customer,Desktop,3/28/2019,0.02171317881838863
6813,31,Prospect,Mobile Phone,3/28/2019,0.004550124761485396
374065,1536,All Visitors,Mobile Phone,3/28/2019,0.004106238220630104
270177,4192,All Visitors,Desktop,3/28/2019,0.01551575448687342
804,1,Prospect,Tablet,3/28/2019,0.0012437810945273632
39525,345,All Visitors,Tablet,3/28/2019,0.00872865275142315
