visitors,orders,customer,device,date,rate,visitors_arima_anomaly,visitors_stl_anomaly,visitors_twitter_anomaly,orders_arima_anomaly,orders_stl_anomaly,orders_twitter_anomaly,rate_arima_anomaly,rate_stl_anomaly,rate_twitter_anomaly
644248,5735,All Visitors,All Devices,2019-02-01,0.00890185146092809,0.0,0,0,0.0,0,0,0.0,0,0
600854,5154,All Visitors,All Devices,2019-02-02,0.00857779094422272,0.0,0,0,0.0,0,0,0.0,0,0
452830,3374,All Visitors,All Devices,2019-02-03,0.00745091977121657,1.0,1,0,1.0,1,0,0.0,1,0
636388,5633,All Visitors,All Devices,2019-02-04,0.00885151825615819,0.0,0,0,0.0,0,0,0.0,0,0
638629,5693,All Visitors,All Devices,2019-02-05,0.00891440883517661,0.0,0,0,0.0,0,0,0.0,0,0
635154,5445,All Visitors,All Devices,2019-02-06,0.00857272409525879,0.0,1,0,0.0,0,0,0.0,0,0
696833,6312,All Visitors,All Devices,2019-02-07,0.00905812439996384,0.0,0,0,0.0,0,0,0.0,0,0
710880,6088,All Visitors,All Devices,2019-02-08,0.00856403331082602,0.0,0,0,0.0,0,0,0.0,0,0
653226,5653,All Visitors,All Devices,2019-02-09,0.0086539727445019,0.0,0,0,0.0,0,0,0.0,0,0
637810,5017,All Visitors,All Devices,2019-02-10,0.00786597889653659,0.0,0,0,0.0,0,0,0.0,0,0
696586,6118,All Visitors,All Devices,2019-02-11,0.00878283514167669,0.0,0,0,0.0,0,0,0.0,0,0
662052,6043,All Visitors,All Devices,2019-02-12,0.00912768181351314,0.0,0,0,0.0,0,0,0.0,1,0
668065,5708,All Visitors,All Devices,2019-02-13,0.00854407879472806,0.0,0,0,0.0,0,0,0.0,0,0
637245,5130,All Visitors,All Devices,2019-02-14,0.00805027893510345,0.0,0,0,0.0,0,0,0.0,0,0
665895,5608,All Visitors,All Devices,2019-02-15,0.00842174817351084,0.0,0,0,0.0,0,0,0.0,0,0
631231,5145,All Visitors,All Devices,2019-02-16,0.00815074037872031,0.0,0,0,0.0,0,0,0.0,0,0
603395,4722,All Visitors,All Devices,2019-02-17,0.00782571947066184,0.0,0,0,0.0,0,0,0.0,0,0
682920,6217,All Visitors,All Devices,2019-02-18,0.0091035553212675,0.0,0,0,0.0,0,0,0.0,0,0
662657,5807,All Visitors,All Devices,2019-02-19,0.00876320630431732,0.0,1,0,0.0,1,0,0.0,0,0
796812,8041,All Visitors,All Devices,2019-02-20,0.0100914644859766,1.0,0,0,1.0,0,0,1.0,0,0
835134,8312,All Visitors,All Devices,2019-02-21,0.00995289378710482,0.0,1,0,0.0,0,0,0.0,0,0
788164,13084,All Visitors,All Devices,2019-02-22,0.016600605965256,0.0,0,0,1.0,1,1,1.0,1,1
689473,6448,All Visitors,All Devices,2019-02-23,0.00935207034938279,0.0,0,0,0.0,0,0,1.0,0,0
679961,6259,All Visitors,All Devices,2019-02-24,0.00920493969507075,0.0,0,0,0.0,0,0,0.0,0,0
701911,6673,All Visitors,All Devices,2019-02-25,0.00950690329685672,0.0,0,0,0.0,0,0,0.0,0,0
694324,6481,All Visitors,All Devices,2019-02-26,0.00933425893386949,0.0,0,0,0.0,0,0,0.0,0,0
712073,7928,All Visitors,All Devices,2019-02-27,0.0111336899447107,0.0,0,0,1.0,1,0,0.0,0,0
636347,6919,All Visitors,All Devices,2019-02-28,0.0108729985369618,0.0,1,0,0.0,0,0,0.0,0,0
681591,7786,All Visitors,All Devices,2019-03-01,0.0114232729011973,0.0,0,0,0.0,0,0,0.0,0,0
617902,6862,All Visitors,All Devices,2019-03-02,0.0111053209084936,0.0,0,0,0.0,0,0,0.0,0,0
584435,6747,All Visitors,All Devices,2019-03-03,0.0115444831332826,0.0,0,0,0.0,0,0,0.0,0,0
664686,7609,All Visitors,All Devices,2019-03-04,0.0114475105538555,0.0,0,0,0.0,0,0,0.0,0,0
639790,7051,All Visitors,All Devices,2019-03-05,0.0110208037012145,0.0,0,0,0.0,0,0,0.0,0,0
630434,7331,All Visitors,All Devices,2019-03-06,0.0116284971939965,0.0,0,0,0.0,0,0,0.0,0,0
525185,5479,All Visitors,All Devices,2019-03-07,0.0104325142568809,0.0,1,0,0.0,1,0,0.0,0,0
674127,7006,All Visitors,All Devices,2019-03-08,0.0103927004852201,0.0,1,0,0.0,0,0,0.0,0,0
559375,5877,All Visitors,All Devices,2019-03-09,0.0105063687150838,0.0,0,0,0.0,0,0,0.0,0,0
535700,5308,All Visitors,All Devices,2019-03-10,0.00990853089415718,0.0,0,0,0.0,0,0,0.0,0,0
629173,6393,All Visitors,All Devices,2019-03-11,0.0101609573201647,0.0,0,0,0.0,0,0,0.0,0,0
657024,6110,All Visitors,All Devices,2019-03-12,0.00929950808494058,0.0,0,0,0.0,0,0,0.0,0,0
693097,6563,All Visitors,All Devices,2019-03-13,0.00946909307066688,0.0,0,0,0.0,0,0,0.0,0,0
742669,6818,All Visitors,All Devices,2019-03-14,0.00918040203643884,0.0,1,0,0.0,0,0,0.0,0,0
642488,6460,All Visitors,All Devices,2019-03-15,0.0100546624995331,0.0,0,0,0.0,0,0,0.0,0,0
580696,5713,All Visitors,All Devices,2019-03-16,0.0098381941669996,0.0,0,0,0.0,0,0,0.0,0,0
571953,5458,All Visitors,All Devices,2019-03-17,0.00954274214839331,0.0,0,0,0.0,0,0,0.0,0,0
616042,6132,All Visitors,All Devices,2019-03-18,0.00995386678181033,0.0,0,0,0.0,0,0,0.0,0,0
609722,6521,All Visitors,All Devices,2019-03-19,0.0106950380665287,0.0,0,0,0.0,0,0,0.0,1,0
644274,6366,All Visitors,All Devices,2019-03-20,0.00988088918689874,0.0,0,0,0.0,0,0,0.0,0,0
653760,5783,All Visitors,All Devices,2019-03-21,0.00884575379344102,0.0,0,0,0.0,0,0,0.0,0,0
672620,6296,All Visitors,All Devices,2019-03-22,0.00936041152508103,0.0,0,0,0.0,0,0,0.0,0,0
590888,5298,All Visitors,All Devices,2019-03-23,0.00896616617700816,0.0,0,0,0.0,0,0,0.0,0,0
567274,4873,All Visitors,All Devices,2019-03-24,0.00859020508607833,0.0,0,0,0.0,0,0,0.0,0,0
647800,6545,All Visitors,All Devices,2019-03-25,0.0101034269836369,0.0,0,0,0.0,0,0,0.0,0,0
654935,6258,All Visitors,All Devices,2019-03-26,0.00955514669394673,0.0,0,0,0.0,0,0,0.0,0,0
665719,6333,All Visitors,All Devices,2019-03-27,0.00951302276185598,0.0,0,0,0.0,0,0,0.0,0,0
686746,6075,All Visitors,All Devices,2019-03-28,0.00884606535749753,0.0,0,0,0.0,0,0,0.0,0,0
706084,6060,All Visitors,All Devices,2019-03-29,0.00858254825204933,0.0,0,0,0.0,0,0,0.0,0,0
624053,5448,All Visitors,All Devices,2019-03-30,0.00873002773802866,0.0,0,0,0.0,0,0,0.0,0,0
599866,5447,All Visitors,All Devices,2019-03-31,0.00908036128068602,0.0,0,0,0.0,0,0,0.0,0,0
271047,1288,All Visitors,Mobile Phone,2019-02-01,0.00475194338989179,0.0,0,0,0.0,0,0,0.0,0,0
289723,1326,All Visitors,Mobile Phone,2019-02-02,0.0045767854122731,1.0,0,0,0.0,0,0,0.0,0,0
226302,922,All Visitors,Mobile Phone,2019-02-03,0.00407420173043102,1.0,1,0,1.0,1,0,0.0,0,0
267604,1168,All Visitors,Mobile Phone,2019-02-04,0.00436465822633443,0.0,0,0,0.0,0,0,0.0,0,0
269962,1145,All Visitors,Mobile Phone,2019-02-05,0.00424133766974611,0.0,0,0,0.0,0,0,0.0,0,0
269618,1172,All Visitors,Mobile Phone,2019-02-06,0.00434689078622347,0.0,1,0,0.0,0,0,0.0,0,0
310025,1397,All Visitors,Mobile Phone,2019-02-07,0.00450608821869204,0.0,0,0,0.0,1,0,0.0,1,0
316687,1351,All Visitors,Mobile Phone,2019-02-08,0.00426604186468027,0.0,0,0,0.0,0,0,0.0,0,0
323629,1399,All Visitors,Mobile Phone,2019-02-09,0.00432285116599563,0.0,0,0,0.0,0,0,0.0,0,0
318592,1207,All Visitors,Mobile Phone,2019-02-10,0.00378854459622338,0.0,0,0,0.0,0,0,1.0,0,0
309294,1163,All Visitors,Mobile Phone,2019-02-11,0.00376017640174074,0.0,0,0,0.0,0,0,0.0,0,0
293015,1152,All Visitors,Mobile Phone,2019-02-12,0.00393153934098937,0.0,0,0,0.0,0,0,0.0,0,0
286453,1157,All Visitors,Mobile Phone,2019-02-13,0.00403905701807976,0.0,0,0,0.0,0,0,0.0,0,0
277593,1047,All Visitors,Mobile Phone,2019-02-14,0.00377170894078741,0.0,1,0,0.0,0,0,0.0,0,0
291843,1242,All Visitors,Mobile Phone,2019-02-15,0.00425571283189934,0.0,0,0,0.0,0,0,0.0,0,0
309146,1268,All Visitors,Mobile Phone,2019-02-16,0.00410162188739301,0.0,0,0,0.0,0,0,0.0,0,0
299109,1086,All Visitors,Mobile Phone,2019-02-17,0.00363078342677753,0.0,0,0,0.0,1,1,0.0,0,0
300448,1234,All Visitors,Mobile Phone,2019-02-18,0.00410719991479391,0.0,0,0,1.0,0,0,0.0,0,0
286630,1135,All Visitors,Mobile Phone,2019-02-19,0.00395980881275512,0.0,1,0,0.0,1,0,1.0,0,0
351236,1950,All Visitors,Mobile Phone,2019-02-20,0.00555182270610074,1.0,0,0,1.0,1,0,1.0,1,0
374096,1779,All Visitors,Mobile Phone,2019-02-21,0.00475546383815919,0.0,0,0,1.0,0,0,1.0,0,0
363480,3605,All Visitors,Mobile Phone,2019-02-22,0.00991801474634093,0.0,0,0,1.0,1,1,1.0,1,1
355269,1670,All Visitors,Mobile Phone,2019-02-23,0.00470066344094193,0.0,0,0,1.0,0,0,1.0,0,0
352651,1602,All Visitors,Mobile Phone,2019-02-24,0.00454273488519811,0.0,1,0,0.0,0,0,0.0,0,0
305779,1265,All Visitors,Mobile Phone,2019-02-25,0.00413697474319688,1.0,0,0,1.0,1,0,1.0,1,1
310351,1442,All Visitors,Mobile Phone,2019-02-26,0.00464635203366511,0.0,0,0,0.0,0,0,0.0,0,0
323694,1906,All Visitors,Mobile Phone,2019-02-27,0.00588827720007167,0.0,0,0,1.0,1,0,1.0,1,0
276223,1467,All Visitors,Mobile Phone,2019-02-28,0.00531092631678028,1.0,1,0,0.0,0,0,0.0,0,0
301636,1668,All Visitors,Mobile Phone,2019-03-01,0.00552984391783474,0.0,0,0,0.0,0,0,0.0,0,0
300247,1699,All Visitors,Mobile Phone,2019-03-02,0.00565867435811182,0.0,0,0,1.0,0,0,1.0,0,0
279805,1643,All Visitors,Mobile Phone,2019-03-03,0.00587194653419346,0.0,0,0,0.0,0,0,0.0,1,0
272458,1442,All Visitors,Mobile Phone,2019-03-04,0.00529255885310764,0.0,0,0,0.0,0,0,0.0,0,0
261326,1339,All Visitors,Mobile Phone,2019-03-05,0.00512386827181375,0.0,0,0,0.0,0,0,0.0,0,0
258675,1373,All Visitors,Mobile Phone,2019-03-06,0.00530781869140814,0.0,0,0,0.0,0,0,0.0,0,0
227320,1049,All Visitors,Mobile Phone,2019-03-07,0.00461464015484779,1.0,1,0,0.0,1,0,0.0,0,0
285902,1411,All Visitors,Mobile Phone,2019-03-08,0.00493525753579898,1.0,0,0,0.0,0,0,0.0,0,0
273767,1282,All Visitors,Mobile Phone,2019-03-09,0.00468281421792985,0.0,0,0,0.0,0,0,0.0,0,0
261116,1207,All Visitors,Mobile Phone,2019-03-10,0.00462246664317774,0.0,0,0,0.0,0,0,0.0,0,0
261686,1201,All Visitors,Mobile Phone,2019-03-11,0.00458946982261183,0.0,0,0,0.0,0,0,0.0,0,0
270573,1161,All Visitors,Mobile Phone,2019-03-12,0.00429089376988835,0.0,0,0,0.0,0,0,1.0,0,0
296098,1328,All Visitors,Mobile Phone,2019-03-13,0.00448500158731231,0.0,1,0,0.0,0,0,0.0,0,0
326274,1373,All Visitors,Mobile Phone,2019-03-14,0.00420811955595604,1.0,1,0,0.0,1,0,0.0,0,0
261810,1312,All Visitors,Mobile Phone,2019-03-15,0.00501126771322715,1.0,0,0,0.0,0,0,1.0,0,0
270584,1282,All Visitors,Mobile Phone,2019-03-16,0.00473790024539514,0.0,0,0,0.0,0,0,0.0,0,0
272256,1247,All Visitors,Mobile Phone,2019-03-17,0.00458024800188058,0.0,0,0,0.0,0,0,0.0,0,0
239185,1108,All Visitors,Mobile Phone,2019-03-18,0.00463239751656667,0.0,1,0,0.0,0,0,0.0,0,0
242081,1118,All Visitors,Mobile Phone,2019-03-19,0.00461828891982436,1.0,1,0,0.0,0,0,0.0,1,0
324860,1314,All Visitors,Mobile Phone,2019-03-20,0.0040448193067783,1.0,0,0,0.0,0,0,1.0,0,0
339804,1233,All Visitors,Mobile Phone,2019-03-21,0.00362856234770632,0.0,0,0,0.0,0,0,0.0,0,0
358419,1491,All Visitors,Mobile Phone,2019-03-22,0.00415993571769354,0.0,0,0,0.0,0,0,0.0,0,0
355888,1397,All Visitors,Mobile Phone,2019-03-23,0.00392539225823855,0.0,0,0,0.0,0,0,1.0,0,0
344488,1254,All Visitors,Mobile Phone,2019-03-24,0.00364018485404426,0.0,0,0,0.0,0,0,0.0,0,0
333187,1343,All Visitors,Mobile Phone,2019-03-25,0.00403076950781393,0.0,0,0,0.0,0,0,0.0,0,0
342637,1345,All Visitors,Mobile Phone,2019-03-26,0.00392543712442031,0.0,0,0,0.0,0,0,0.0,0,0
358725,1533,All Visitors,Mobile Phone,2019-03-27,0.00427346853439264,0.0,0,0,0.0,0,0,0.0,0,0
374065,1536,All Visitors,Mobile Phone,2019-03-28,0.0041062382206301,0.0,0,0,0.0,1,0,0.0,0,0
394263,1500,All Visitors,Mobile Phone,2019-03-29,0.00380456700222948,0.0,0,0,0.0,0,0,0.0,1,0
390844,1572,All Visitors,Mobile Phone,2019-03-30,0.00402206506943947,0.0,0,0,0.0,0,0,0.0,0,0
361985,1480,All Visitors,Mobile Phone,2019-03-31,0.00408856720582345,0.0,0,0,0.0,0,0,0.0,0,0
333776,4073,All Visitors,Desktop,2019-02-01,0.0122027946886535,0.0,0,0,0.0,0,0,0.0,0,0
266785,3398,All Visitors,Desktop,2019-02-02,0.0127368480236895,0.0,0,0,0.0,0,0,0.0,0,0
189542,2158,All Visitors,Desktop,2019-02-03,0.0113853393970729,0.0,1,0,0.0,1,0,0.0,0,0
330860,4104,All Visitors,Desktop,2019-02-04,0.0124040379616756,0.0,0,0,0.0,0,0,0.0,0,0
331029,4196,All Visitors,Desktop,2019-02-05,0.0126756266067323,0.0,0,0,0.0,0,0,0.0,0,0
326372,3962,All Visitors,Desktop,2019-02-06,0.0121395217727011,0.0,1,0,0.0,0,0,0.0,0,0
344519,4556,All Visitors,Desktop,2019-02-07,0.0132242343673353,0.0,0,0,0.0,0,0,0.0,0,0
351938,4377,All Visitors,Desktop,2019-02-08,0.0124368496723855,0.0,0,0,0.0,0,0,0.0,0,0
282655,3766,All Visitors,Desktop,2019-02-09,0.0133236631228883,0.0,0,0,0.0,0,0,0.0,0,0
272816,3349,All Visitors,Desktop,2019-02-10,0.0122756729810568,0.0,0,0,0.0,0,0,0.0,0,0
345299,4612,All Visitors,Desktop,2019-02-11,0.0133565402737917,0.0,0,0,0.0,0,0,0.0,0,0
327723,4571,All Visitors,Desktop,2019-02-12,0.0139477546586599,0.0,1,0,0.0,0,0,0.0,1,0
343171,4219,All Visitors,Desktop,2019-02-13,0.0122941623855163,0.0,0,0,0.0,0,0,0.0,0,0
323082,3780,All Visitors,Desktop,2019-02-14,0.0116998161457463,0.0,0,0,0.0,0,0,0.0,0,0
335396,3956,All Visitors,Desktop,2019-02-15,0.0117950124628797,0.0,0,0,0.0,0,0,0.0,0,0
279123,3442,All Visitors,Desktop,2019-02-16,0.0123314811033129,0.0,0,0,0.0,0,0,0.0,0,0
260962,3235,All Visitors,Desktop,2019-02-17,0.0123964408611215,0.0,0,0,0.0,0,0,0.0,0,0
341677,4537,All Visitors,Desktop,2019-02-18,0.0132786227928716,0.0,0,0,0.0,0,0,0.0,0,0
338277,4332,All Visitors,Desktop,2019-02-19,0.0128060731294176,0.0,0,0,0.0,1,0,0.0,0,0
399642,5645,All Visitors,Desktop,2019-02-20,0.0141251420020919,0.0,1,0,0.0,0,0,0.0,0,0
417357,6112,All Visitors,Desktop,2019-02-21,0.0146445369312124,0.0,1,1,0.0,1,0,1.0,0,0
380936,8831,All Visitors,Desktop,2019-02-22,0.0231823718419892,0.0,0,0,1.0,1,1,1.0,1,1
288142,4224,All Visitors,Desktop,2019-02-23,0.0146594387489502,0.0,0,0,0.0,0,0,1.0,0,0
280586,4180,All Visitors,Desktop,2019-02-24,0.0148973933125673,0.0,0,0,0.0,0,0,0.0,0,0
358322,5000,All Visitors,Desktop,2019-02-25,0.0139539297056837,0.0,0,0,0.0,0,0,0.0,0,0
347337,4631,All Visitors,Desktop,2019-02-26,0.013332872685605,0.0,0,0,0.0,1,0,0.0,0,0
351063,5583,All Visitors,Desktop,2019-02-27,0.0159031284983037,0.0,0,0,0.0,0,0,0.0,0,0
328003,5074,All Visitors,Desktop,2019-02-28,0.0154693707069752,0.0,0,0,0.0,0,0,0.0,0,0
342238,5658,All Visitors,Desktop,2019-03-01,0.0165323546771545,0.0,0,0,0.0,0,0,0.0,0,0
276661,4537,All Visitors,Desktop,2019-03-02,0.0163991310665399,0.0,0,0,0.0,0,0,0.0,0,0
265106,4580,All Visitors,Desktop,2019-03-03,0.0172761084245547,0.0,0,0,0.0,0,0,0.0,0,0
356848,5727,All Visitors,Desktop,2019-03-04,0.0160488499305026,0.0,0,0,0.0,0,0,0.0,0,0
343819,5295,All Visitors,Desktop,2019-03-05,0.0154005450542291,0.0,0,0,0.0,0,0,0.0,0,0
336311,5517,All Visitors,Desktop,2019-03-06,0.0164044589680385,0.0,0,0,0.0,0,0,0.0,0,0
271604,4171,All Visitors,Desktop,2019-03-07,0.0153569166875304,0.0,1,0,0.0,1,0,0.0,0,0
351146,5187,All Visitors,Desktop,2019-03-08,0.0147716334516127,0.0,1,0,0.0,0,0,0.0,0,0
247745,4112,All Visitors,Desktop,2019-03-09,0.016597711356435,0.0,0,0,0.0,0,0,0.0,0,0
236536,3649,All Visitors,Desktop,2019-03-10,0.0154268272060067,0.0,0,0,0.0,0,0,0.0,0,0
333815,4819,All Visitors,Desktop,2019-03-11,0.0144361397780208,0.0,0,0,0.0,0,0,0.0,0,0
352032,4574,All Visitors,Desktop,2019-03-12,0.0129931369875466,0.0,0,0,0.0,0,0,0.0,0,0
359499,4876,All Visitors,Desktop,2019-03-13,0.0135633200648681,0.0,0,0,0.0,0,0,0.0,0,0
375706,5090,All Visitors,Desktop,2019-03-14,0.0135478272904878,0.0,1,0,0.0,0,0,0.0,0,0
343916,4764,All Visitors,Desktop,2019-03-15,0.0138522197280731,0.0,0,0,0.0,0,0,0.0,0,0
269354,3964,All Visitors,Desktop,2019-03-16,0.0147166925310187,0.0,0,0,0.0,0,0,0.0,0,0
259925,3792,All Visitors,Desktop,2019-03-17,0.014588823699144,0.0,0,0,0.0,0,0,0.0,0,0
343875,4660,All Visitors,Desktop,2019-03-18,0.0135514358415122,0.0,0,0,0.0,0,0,0.0,1,0
335250,5010,All Visitors,Desktop,2019-03-19,0.0149440715883669,0.0,0,0,0.0,0,0,0.0,0,0
281714,4588,All Visitors,Desktop,2019-03-20,0.0162860205740574,0.0,1,0,0.0,0,0,0.0,0,0
274311,4165,All Visitors,Desktop,2019-03-21,0.0151834961047862,0.0,0,0,0.0,0,0,0.0,0,0
271272,4382,All Visitors,Desktop,2019-03-22,0.0161535285617388,0.0,0,0,0.0,0,0,0.0,0,0
189812,3425,All Visitors,Desktop,2019-03-23,0.0180441700208627,0.0,0,0,0.0,0,0,0.0,0,0
177927,3136,All Visitors,Desktop,2019-03-24,0.0176252058428457,0.0,0,0,0.0,0,0,0.0,0,0
274780,4819,All Visitors,Desktop,2019-03-25,0.0175376664968338,0.0,0,0,0.0,0,0,0.0,0,0
272253,4504,All Visitors,Desktop,2019-03-26,0.0165434357013513,0.0,0,0,0.0,0,0,0.0,0,0
265624,4392,All Visitors,Desktop,2019-03-27,0.0165346504833901,0.0,0,0,0.0,0,0,0.0,0,0
270177,4192,All Visitors,Desktop,2019-03-28,0.0155157544868734,0.0,0,0,0.0,0,0,0.0,0,0
267532,4187,All Visitors,Desktop,2019-03-29,0.0156504642435297,0.0,0,0,0.0,0,0,0.0,0,0
187410,3343,All Visitors,Desktop,2019-03-30,0.0178378955231845,0.0,0,0,0.0,0,0,0.0,0,0
192688,3460,All Visitors,Desktop,2019-03-31,0.0179564892468654,0.0,0,0,0.0,0,0,0.0,0,0
39403,371,All Visitors,Tablet,2019-02-01,0.0094155267365429,0.0,0,0,0.0,0,0,0.0,0,0
44256,430,All Visitors,Tablet,2019-02-02,0.00971619667389732,1.0,0,0,0.0,0,0,0.0,0,0
36930,292,All Visitors,Tablet,2019-02-03,0.00790685079880856,0.0,1,0,0.0,1,0,0.0,1,0
37896,360,All Visitors,Tablet,2019-02-04,0.00949968334388854,0.0,0,0,0.0,0,0,0.0,0,0
37627,352,All Visitors,Tablet,2019-02-05,0.00935498445265368,0.0,0,0,0.0,0,0,0.0,0,0
39136,308,All Visitors,Tablet,2019-02-06,0.00786999182338512,0.0,0,0,0.0,1,0,0.0,1,0
42246,356,All Visitors,Tablet,2019-02-07,0.00842683330966245,0.0,0,0,0.0,0,0,0.0,0,0
42214,358,All Visitors,Tablet,2019-02-08,0.00848059885346094,0.0,0,0,0.0,1,0,0.0,0,0
46899,487,All Visitors,Tablet,2019-02-09,0.0103840167167743,0.0,0,0,0.0,0,0,0.0,0,0
46218,460,All Visitors,Tablet,2019-02-10,0.00995283222986715,0.0,0,0,0.0,0,0,0.0,0,0
41772,342,All Visitors,Tablet,2019-02-11,0.00818730249928182,0.0,0,0,0.0,0,0,0.0,0,0
41268,320,All Visitors,Tablet,2019-02-12,0.00775419211010953,0.0,1,0,0.0,0,0,0.0,0,0
38420,333,All Visitors,Tablet,2019-02-13,0.00866736074960958,0.0,0,0,0.0,0,0,0.0,0,0
36528,303,All Visitors,Tablet,2019-02-14,0.00829500657030223,0.0,0,0,0.0,0,0,0.0,0,0
38618,409,All Visitors,Tablet,2019-02-15,0.0105909161530892,0.0,0,0,0.0,1,0,0.0,1,0
42938,433,All Visitors,Tablet,2019-02-16,0.0100843076063161,0.0,0,0,0.0,0,0,0.0,0,0
43254,401,All Visitors,Tablet,2019-02-17,0.00927081888380265,0.0,0,0,0.0,0,0,0.0,0,0
40765,445,All Visitors,Tablet,2019-02-18,0.0109162271556482,0.0,0,0,0.0,1,0,0.0,1,0
37725,338,All Visitors,Tablet,2019-02-19,0.00895957587806494,0.0,1,0,0.0,1,0,0.0,0,0
45918,444,All Visitors,Tablet,2019-02-20,0.00966941068861884,1.0,1,0,0.0,0,0,0.0,0,0
43744,421,All Visitors,Tablet,2019-02-21,0.00962417702999268,0.0,0,0,0.0,0,0,0.0,0,0
43525,648,All Visitors,Tablet,2019-02-22,0.0148879954049397,0.0,0,0,1.0,1,1,1.0,1,1
45713,554,All Visitors,Tablet,2019-02-23,0.0121190908494301,0.0,0,0,0.0,0,0,0.0,0,0
46449,476,All Visitors,Tablet,2019-02-24,0.0102477986608969,0.0,1,0,0.0,0,0,0.0,1,0
37113,407,All Visitors,Tablet,2019-02-25,0.0109665076927222,1.0,0,0,0.0,0,0,0.0,0,0
35470,407,All Visitors,Tablet,2019-02-26,0.0114744854806879,0.0,0,0,0.0,0,0,0.0,0,0
37029,437,All Visitors,Tablet,2019-02-27,0.0118015609387237,0.0,0,0,0.0,0,0,0.0,0,0
32575,378,All Visitors,Tablet,2019-02-28,0.0116039907904835,0.0,1,0,0.0,0,0,0.0,0,0
37524,458,All Visitors,Tablet,2019-03-01,0.0122055217993817,0.0,0,0,0.0,0,0,0.0,0,0
40572,624,All Visitors,Tablet,2019-03-02,0.0153800650695061,0.0,0,0,1.0,1,0,1.0,1,0
38869,524,All Visitors,Tablet,2019-03-03,0.0134811803751061,0.0,0,0,0.0,0,0,0.0,0,0
34282,440,All Visitors,Tablet,2019-03-04,0.0128347237617409,0.0,0,0,0.0,0,0,0.0,0,0
33782,416,All Visitors,Tablet,2019-03-05,0.0123142501924102,0.0,0,0,0.0,0,0,0.0,0,0
34235,439,All Visitors,Tablet,2019-03-06,0.0128231342193661,0.0,0,0,0.0,0,0,0.0,0,0
25405,259,All Visitors,Tablet,2019-03-07,0.0101948435347373,1.0,1,1,1.0,1,0,0.0,0,0
36927,407,All Visitors,Tablet,2019-03-08,0.011021745606196,1.0,0,0,0.0,0,0,0.0,0,0
37745,482,All Visitors,Tablet,2019-03-09,0.0127699032984501,0.0,1,0,0.0,0,0,0.0,0,0
37931,450,All Visitors,Tablet,2019-03-10,0.0118636471487701,0.0,0,0,0.0,0,0,0.0,0,0
33620,371,All Visitors,Tablet,2019-03-11,0.0110350981558596,0.0,0,0,0.0,0,0,0.0,0,0
33368,374,All Visitors,Tablet,2019-03-12,0.0112083433229441,0.0,0,0,0.0,0,0,0.0,0,0
36165,359,All Visitors,Tablet,2019-03-13,0.0099267247338587,0.0,0,0,0.0,0,0,0.0,0,0
39145,355,All Visitors,Tablet,2019-03-14,0.00906884659598927,0.0,1,0,0.0,0,0,0.0,0,0
35232,384,All Visitors,Tablet,2019-03-15,0.0108991825613079,0.0,0,0,0.0,0,0,0.0,0,0
38783,467,All Visitors,Tablet,2019-03-16,0.0120413583271021,0.0,0,0,0.0,0,0,0.0,0,0
37436,419,All Visitors,Tablet,2019-03-17,0.0111924350892189,0.0,0,0,0.0,0,0,0.0,0,0
31610,364,All Visitors,Tablet,2019-03-18,0.0115153432458083,0.0,1,0,0.0,0,0,0.0,0,0
32318,392,All Visitors,Tablet,2019-03-19,0.0121294634568971,0.0,1,0,0.0,0,0,0.0,0,0
37048,464,All Visitors,Tablet,2019-03-20,0.0125242928093284,0.0,0,0,0.0,1,0,0.0,0,0
37658,385,All Visitors,Tablet,2019-03-21,0.0102235912687875,0.0,0,0,0.0,0,0,0.0,0,0
41532,422,All Visitors,Tablet,2019-03-22,0.0101608398343446,0.0,0,0,0.0,0,0,0.0,0,0
43460,476,All Visitors,Tablet,2019-03-23,0.0109526000920387,0.0,0,0,0.0,0,0,0.0,0,0
42587,483,All Visitors,Tablet,2019-03-24,0.0113414891868411,0.0,0,0,0.0,0,0,0.0,0,0
37663,383,All Visitors,Tablet,2019-03-25,0.0101691315083769,0.0,0,0,0.0,0,0,0.0,0,0
37953,408,All Visitors,Tablet,2019-03-26,0.0107501383289859,0.0,0,0,0.0,0,0,0.0,0,0
38629,408,All Visitors,Tablet,2019-03-27,0.010562012995418,0.0,0,0,0.0,0,0,0.0,0,0
39525,345,All Visitors,Tablet,2019-03-28,0.00872865275142315,0.0,0,0,0.0,0,0,0.0,0,0
41521,373,All Visitors,Tablet,2019-03-29,0.00898340598733171,0.0,0,0,0.0,1,0,0.0,1,0
43614,531,All Visitors,Tablet,2019-03-30,0.0121749896822121,0.0,0,0,0.0,0,0,0.0,0,0
42149,507,All Visitors,Tablet,2019-03-31,0.0120287551306081,0.0,0,0,0.0,0,0,0.0,0,0
247743,4546,CUSTOMER,All Devices,2019-02-01,0.0183496607371349,0.0,0,0,0.0,0,0,0.0,0,0
212136,4288,CUSTOMER,All Devices,2019-02-02,0.0202134479767696,1.0,0,0,0.0,0,0,0.0,0,0
79856,1342,CUSTOMER,All Devices,2019-02-03,0.0168052494490082,1.0,1,1,1.0,1,1,0.0,1,0
166224,3073,CUSTOMER,All Devices,2019-02-04,0.0184871017422274,0.0,1,0,0.0,1,0,0.0,0,0
243011,4660,CUSTOMER,All Devices,2019-02-05,0.0191760866792038,1.0,0,0,1.0,0,0,0.0,0,0
242911,4381,CUSTOMER,All Devices,2019-02-06,0.0180354121468357,0.0,0,0,0.0,0,0,0.0,0,0
265983,5234,CUSTOMER,All Devices,2019-02-07,0.0196779493426272,1.0,0,0,1.0,0,0,0.0,0,0
253703,4936,CUSTOMER,All Devices,2019-02-08,0.0194558203884069,0.0,0,0,0.0,0,0,0.0,0,0
227168,4762,CUSTOMER,All Devices,2019-02-09,0.0209624595013382,0.0,0,0,0.0,0,0,0.0,0,0
216276,4187,CUSTOMER,All Devices,2019-02-10,0.0193595220921415,0.0,0,0,0.0,0,0,0.0,0,0
238083,5086,CUSTOMER,All Devices,2019-02-11,0.0213622980221183,0.0,0,0,1.0,0,0,0.0,0,0
247234,4993,CUSTOMER,All Devices,2019-02-12,0.0201954423744307,0.0,0,0,0.0,0,0,0.0,0,0
249552,4508,CUSTOMER,All Devices,2019-02-13,0.0180643713534654,0.0,0,0,0.0,0,0,0.0,0,0
239925,4063,CUSTOMER,All Devices,2019-02-14,0.0169344586850057,0.0,0,0,0.0,0,0,0.0,0,0
253349,4481,CUSTOMER,All Devices,2019-02-15,0.0176870640894576,0.0,0,0,0.0,0,0,0.0,0,0
220569,4048,CUSTOMER,All Devices,2019-02-16,0.0183525336742697,1.0,0,0,0.0,0,0,0.0,0,0
199403,3721,CUSTOMER,All Devices,2019-02-17,0.0186607021960552,0.0,0,0,0.0,0,0,0.0,0,0
241654,4867,CUSTOMER,All Devices,2019-02-18,0.020140365977803,1.0,0,0,0.0,0,0,0.0,0,0
254518,4380,CUSTOMER,All Devices,2019-02-19,0.0172089989706033,0.0,0,0,0.0,0,0,0.0,1,0
301569,5877,CUSTOMER,All Devices,2019-02-20,0.0194880773554311,1.0,0,0,1.0,0,0,0.0,0,0
327615,6812,CUSTOMER,All Devices,2019-02-21,0.0207926987470049,0.0,0,0,1.0,1,0,0.0,0,0
33127,523,CUSTOMER,All Devices,2019-02-22,0.0157877260240891,1.0,1,1,1.0,1,1,1.0,1,0
241395,5275,CUSTOMER,All Devices,2019-02-23,0.0218521510387539,0.0,0,0,0.0,0,0,0.0,0,0
220731,4950,CUSTOMER,All Devices,2019-02-24,0.022425486225315,0.0,0,0,0.0,0,0,0.0,0,0
249361,5304,CUSTOMER,All Devices,2019-02-25,0.0212703670582008,0.0,0,0,1.0,0,0,0.0,0,0
273852,5074,CUSTOMER,All Devices,2019-02-26,0.0185282561383521,0.0,0,0,0.0,0,0,0.0,1,0
271480,6046,CUSTOMER,All Devices,2019-02-27,0.0222705171651687,0.0,0,0,0.0,0,0,0.0,1,0
247150,5255,CUSTOMER,All Devices,2019-02-28,0.0212623912603682,0.0,0,0,1.0,0,0,0.0,0,0
289451,6300,CUSTOMER,All Devices,2019-03-01,0.0217653419749802,0.0,0,0,1.0,0,0,0.0,0,0
244302,5622,CUSTOMER,All Devices,2019-03-02,0.0230125009209912,0.0,0,0,0.0,0,0,0.0,0,0
226742,5560,CUSTOMER,All Devices,2019-03-03,0.0245212620511418,1.0,0,0,0.0,0,0,0.0,0,0
269161,6224,CUSTOMER,All Devices,2019-03-04,0.0231237066291179,0.0,0,0,1.0,0,0,0.0,0,0
255906,5792,CUSTOMER,All Devices,2019-03-05,0.0226333106687612,0.0,0,0,0.0,0,0,0.0,0,0
254899,5939,CUSTOMER,All Devices,2019-03-06,0.0232994244779305,0.0,0,0,0.0,0,0,0.0,1,0
162285,3087,CUSTOMER,All Devices,2019-03-07,0.0190220907662446,1.0,1,0,1.0,1,0,0.0,0,0
220092,4806,CUSTOMER,All Devices,2019-03-09,0.0218363229922033,0.0,0,0,0.0,0,0,0.0,0,0
207811,4299,CUSTOMER,All Devices,2019-03-10,0.0206870666134132,0.0,0,0,1.0,0,0,0.0,0,0
255289,5126,CUSTOMER,All Devices,2019-03-11,0.020079204352714,1.0,0,0,0.0,0,0,0.0,0,0
251155,4879,CUSTOMER,All Devices,2019-03-12,0.0194262507216659,0.0,0,0,0.0,0,0,0.0,0,0
284791,5489,CUSTOMER,All Devices,2019-03-13,0.0192737832305094,1.0,0,0,0.0,0,0,0.0,0,0
300844,5567,CUSTOMER,All Devices,2019-03-14,0.018504607038864,0.0,0,0,0.0,0,0,0.0,0,0
257987,5259,CUSTOMER,All Devices,2019-03-15,0.0203847480687011,1.0,0,0,0.0,0,0,0.0,0,0
212715,4705,CUSTOMER,All Devices,2019-03-16,0.0221187974519898,1.0,0,0,0.0,0,0,0.0,0,0
196150,4458,CUSTOMER,All Devices,2019-03-17,0.0227275044608718,0.0,0,0,0.0,0,0,0.0,0,0
248378,5008,CUSTOMER,All Devices,2019-03-18,0.020162816352495,1.0,0,0,0.0,0,0,0.0,0,0
258394,5157,CUSTOMER,All Devices,2019-03-19,0.019957893759143,0.0,0,0,0.0,0,0,0.0,0,0
264970,5059,CUSTOMER,All Devices,2019-03-20,0.0190927274785825,0.0,0,0,0.0,0,0,0.0,0,0
147825,2413,CUSTOMER,All Devices,2019-03-21,0.0163233553187891,1.0,1,1,1.0,1,1,0.0,0,0
263383,5073,CUSTOMER,All Devices,2019-03-22,0.0192609242054347,1.0,0,0,1.0,0,0,0.0,0,0
210333,4448,CUSTOMER,All Devices,2019-03-23,0.0211474186171452,0.0,0,0,0.0,0,0,0.0,0,0
195413,3995,CUSTOMER,All Devices,2019-03-24,0.020443880396903,1.0,0,0,1.0,0,0,0.0,0,0
248364,5254,CUSTOMER,All Devices,2019-03-25,0.0211544346201543,1.0,0,0,1.0,1,0,0.0,0,0
242763,4744,CUSTOMER,All Devices,2019-03-26,0.0195416929268463,0.0,0,0,0.0,0,0,0.0,0,0
6185,57,CUSTOMER,All Devices,2019-03-27,0.00921584478577203,1.0,1,1,1.0,1,1,1.0,1,1
81411,1277,CUSTOMER,All Devices,2019-03-28,0.0156858409797202,1.0,1,1,1.0,1,1,0.0,0,0
264358,4831,CUSTOMER,All Devices,2019-03-29,0.0182744611473835,0.0,0,0,0.0,0,0,0.0,0,0
216612,4393,CUSTOMER,All Devices,2019-03-30,0.0202805015419275,1.0,0,0,1.0,0,0,0.0,0,0
207878,4372,CUSTOMER,All Devices,2019-03-31,0.0210315665919434,1.0,0,0,1.0,0,0,0.0,0,0
46556,217,PROSPECT,All Devices,2019-02-01,0.00466105335509924,0.0,0,0,0.0,0,0,0.0,0,0
42078,171,PROSPECT,All Devices,2019-02-02,0.00406388136318266,0.0,0,0,0.0,0,0,0.0,0,0
17097,62,PROSPECT,All Devices,2019-02-03,0.00362636719892379,1.0,1,1,0.0,1,0,0.0,0,0
26897,137,PROSPECT,All Devices,2019-02-04,0.00509350485184221,0.0,1,0,0.0,0,0,0.0,0,0
38005,164,PROSPECT,All Devices,2019-02-05,0.00431522168135772,0.0,0,0,0.0,0,0,0.0,0,0
44375,212,PROSPECT,All Devices,2019-02-06,0.00477746478873239,0.0,0,0,0.0,0,0,0.0,0,0
40601,186,PROSPECT,All Devices,2019-02-07,0.00458116795152829,0.0,0,0,0.0,0,0,0.0,0,0
38714,179,PROSPECT,All Devices,2019-02-08,0.00462365035904324,0.0,0,0,0.0,0,0,0.0,0,0
46714,184,PROSPECT,All Devices,2019-02-09,0.00393886201138845,1.0,0,0,0.0,0,0,0.0,0,0
47784,181,PROSPECT,All Devices,2019-02-10,0.00378787878787879,0.0,0,0,0.0,0,0,0.0,0,0
49779,212,PROSPECT,All Devices,2019-02-11,0.00425882400208923,0.0,0,0,0.0,0,0,0.0,0,0
48698,193,PROSPECT,All Devices,2019-02-12,0.00396320177420017,0.0,0,0,0.0,0,0,0.0,0,0
48092,221,PROSPECT,All Devices,2019-02-13,0.00459535889545039,0.0,0,0,0.0,0,0,0.0,0,0
46875,200,PROSPECT,All Devices,2019-02-14,0.00426666666666667,0.0,0,0,0.0,0,0,0.0,0,0
46866,219,PROSPECT,All Devices,2019-02-15,0.00467289719626168,0.0,0,0,0.0,0,0,0.0,0,0
47579,177,PROSPECT,All Devices,2019-02-16,0.0037201286281763,0.0,0,0,0.0,0,0,0.0,0,0
39630,157,PROSPECT,All Devices,2019-02-17,0.00396164521826899,1.0,0,0,0.0,0,0,0.0,0,0
40190,161,PROSPECT,All Devices,2019-02-18,0.00400597163473501,0.0,0,0,0.0,0,0,0.0,0,0
36820,145,PROSPECT,All Devices,2019-02-19,0.00393807713199348,0.0,1,0,0.0,0,0,0.0,0,0
55877,223,PROSPECT,All Devices,2019-02-20,0.00399090860282406,1.0,0,0,0.0,0,0,0.0,0,0
61352,255,PROSPECT,All Devices,2019-02-21,0.00415634372147607,0.0,1,1,0.0,1,0,0.0,0,0
6717,54,PROSPECT,All Devices,2019-02-22,0.0080393032603841,1.0,1,1,1.0,1,0,1.0,1,1
40003,173,PROSPECT,All Devices,2019-02-23,0.0043246756493263,0.0,0,0,0.0,0,0,0.0,0,0
36653,128,PROSPECT,All Devices,2019-02-24,0.00349221073309143,0.0,0,0,0.0,0,0,0.0,0,0
36643,119,PROSPECT,All Devices,2019-02-25,0.00324755069181017,0.0,0,0,0.0,1,0,0.0,1,1
48968,233,PROSPECT,All Devices,2019-02-26,0.00475820944290149,0.0,1,0,0.0,0,0,0.0,0,0
42680,295,PROSPECT,All Devices,2019-02-27,0.00691190253045923,0.0,0,0,1.0,0,0,1.0,1,0
43037,266,PROSPECT,All Devices,2019-02-28,0.00618072821060948,0.0,0,0,0.0,0,0,0.0,0,0
48006,318,PROSPECT,All Devices,2019-03-01,0.00662417197850269,0.0,0,0,0.0,1,0,0.0,0,0
45233,241,PROSPECT,All Devices,2019-03-02,0.00532796851855946,0.0,0,0,0.0,0,0,0.0,0,0
43986,212,PROSPECT,All Devices,2019-03-03,0.00481971536397945,0.0,0,0,0.0,0,0,0.0,0,0
49184,265,PROSPECT,All Devices,2019-03-04,0.00538793103448276,0.0,0,0,0.0,0,0,0.0,0,0
44856,235,PROSPECT,All Devices,2019-03-05,0.00523898698056001,1.0,0,0,0.0,0,0,0.0,0,0
46681,272,PROSPECT,All Devices,2019-03-06,0.00582678177416936,0.0,0,0,0.0,0,0,0.0,0,0
26578,163,PROSPECT,All Devices,2019-03-07,0.00613289186545263,1.0,1,0,0.0,0,0,0.0,0,0
31503,136,PROSPECT,All Devices,2019-03-09,0.00431704916992033,0.0,1,0,0.0,0,0,0.0,1,0
38146,164,PROSPECT,All Devices,2019-03-10,0.00429927122109789,0.0,0,0,0.0,0,0,0.0,0,0
43226,234,PROSPECT,All Devices,2019-03-11,0.00541340859667793,0.0,0,0,0.0,1,0,0.0,1,0
45624,207,PROSPECT,All Devices,2019-03-12,0.00453708574434508,0.0,0,0,0.0,0,0,0.0,0,0
47035,180,PROSPECT,All Devices,2019-03-13,0.0038269373870522,0.0,0,0,0.0,0,0,0.0,0,0
43769,220,PROSPECT,All Devices,2019-03-14,0.00502638853983413,0.0,0,0,0.0,0,0,0.0,0,0
36260,211,PROSPECT,All Devices,2019-03-15,0.00581908439051296,0.0,0,0,0.0,0,0,0.0,1,0
40713,192,PROSPECT,All Devices,2019-03-16,0.00471593839805468,0.0,0,0,0.0,0,0,0.0,0,0
39836,159,PROSPECT,All Devices,2019-03-17,0.00399136459483884,0.0,0,0,0.0,0,0,0.0,0,0
46104,179,PROSPECT,All Devices,2019-03-18,0.0038825264619122,0.0,0,0,0.0,0,0,0.0,0,0
43018,206,PROSPECT,All Devices,2019-03-19,0.00478869310521177,0.0,0,0,0.0,0,0,0.0,0,0
39083,192,PROSPECT,All Devices,2019-03-20,0.00491262185604995,0.0,0,0,0.0,0,0,0.0,0,0
23836,110,PROSPECT,All Devices,2019-03-21,0.00461486826648767,1.0,1,1,0.0,1,0,0.0,0,0
42665,222,PROSPECT,All Devices,2019-03-22,0.00520332825500996,0.0,0,0,0.0,0,0,0.0,0,0
44116,172,PROSPECT,All Devices,2019-03-23,0.00389881222232297,0.0,0,0,0.0,0,0,0.0,1,0
43913,184,PROSPECT,All Devices,2019-03-24,0.00419010315851798,0.0,0,0,0.0,0,0,0.0,0,0
49951,270,PROSPECT,All Devices,2019-03-25,0.00540529719124742,1.0,0,0,0.0,1,0,0.0,1,0
47120,247,PROSPECT,All Devices,2019-03-26,0.00524193548387097,1.0,0,0,0.0,0,0,0.0,0,0
2221,3,PROSPECT,All Devices,2019-03-27,0.00135074290859973,1.0,1,1,1.0,1,1,1.0,1,1
13063,57,PROSPECT,All Devices,2019-03-28,0.00436346934088647,0.0,1,1,0.0,1,1,0.0,0,0
37694,179,PROSPECT,All Devices,2019-03-29,0.00474876638191755,1.0,0,0,0.0,0,0,0.0,0,0
45094,202,PROSPECT,All Devices,2019-03-30,0.0044795316450082,1.0,0,0,0.0,0,0,0.0,0,0
38603,157,PROSPECT,All Devices,2019-03-31,0.00406704142165117,1.0,0,0,0.0,0,0,0.0,0,0
350533,972,UNDETERMINED,All Devices,2019-02-01,0.00277292009596814,0.0,0,0,1.0,0,0,0.0,0,0
347215,695,UNDETERMINED,All Devices,2019-02-02,0.00200164163414599,0.0,0,0,1.0,0,0,0.0,0,0
363015,1970,UNDETERMINED,All Devices,2019-02-03,0.00542677299836095,0.0,0,0,0.0,1,1,1.0,1,1
454120,2423,UNDETERMINED,All Devices,2019-02-04,0.00533559411609266,0.0,1,0,1.0,1,1,1.0,1,1
358095,869,UNDETERMINED,All Devices,2019-02-05,0.00242673033692177,0.0,0,0,0.0,0,0,0.0,0,0
348434,852,UNDETERMINED,All Devices,2019-02-06,0.00244522635563694,0.0,0,0,0.0,0,0,0.0,0,0
390894,892,UNDETERMINED,All Devices,2019-02-07,0.00228194855894437,0.0,0,0,0.0,0,0,0.0,0,0
418994,973,UNDETERMINED,All Devices,2019-02-08,0.00232222895793257,0.0,0,0,0.0,0,0,0.0,0,0
380060,707,UNDETERMINED,All Devices,2019-02-09,0.00186023259485344,0.0,0,0,1.0,0,0,1.0,0,0
374400,649,UNDETERMINED,All Devices,2019-02-10,0.00173344017094017,0.0,0,0,0.0,0,0,0.0,0,0
409437,820,UNDETERMINED,All Devices,2019-02-11,0.00200275011784475,0.0,0,0,0.0,0,0,0.0,0,0
366730,857,UNDETERMINED,All Devices,2019-02-12,0.00233686908624874,0.0,0,0,0.0,0,0,0.0,0,0
370989,979,UNDETERMINED,All Devices,2019-02-13,0.00263889225826103,0.0,0,0,0.0,0,0,1.0,0,0
351345,867,UNDETERMINED,All Devices,2019-02-14,0.00246765999231525,0.0,0,0,0.0,0,0,0.0,0,0
366288,908,UNDETERMINED,All Devices,2019-02-15,0.00247892368846372,0.0,0,0,0.0,0,0,0.0,0,0
363779,920,UNDETERMINED,All Devices,2019-02-16,0.00252900799661333,0.0,0,0,0.0,0,0,0.0,0,0
364962,844,UNDETERMINED,All Devices,2019-02-17,0.00231256952778645,0.0,0,0,0.0,0,0,0.0,0,0
403903,1189,UNDETERMINED,All Devices,2019-02-18,0.00294377610465879,0.0,0,0,1.0,0,0,1.0,0,0
371834,1283,UNDETERMINED,All Devices,2019-02-19,0.00345046445456844,0.0,0,0,1.0,1,0,0.0,0,0
440457,1941,UNDETERMINED,All Devices,2019-02-20,0.004406786587567,1.0,0,0,0.0,0,1,1.0,0,0
447364,1245,UNDETERMINED,All Devices,2019-02-21,0.0027829686787493,0.0,0,0,1.0,1,0,1.0,1,0
754800,12507,UNDETERMINED,All Devices,2019-02-22,0.0165699523052464,1.0,1,1,1.0,1,1,1.0,1,1
408531,1000,UNDETERMINED,All Devices,2019-02-23,0.00244779465940161,0.0,0,0,1.0,0,0,0.0,0,0
423118,1181,UNDETERMINED,All Devices,2019-02-24,0.00279118354690654,0.0,0,0,0.0,0,0,0.0,0,0
417711,1250,UNDETERMINED,All Devices,2019-02-25,0.00299249959900505,0.0,0,0,0.0,0,0,1.0,0,0
372179,1175,UNDETERMINED,All Devices,2019-02-26,0.0031570830165055,0.0,0,0,0.0,0,0,0.0,0,0
398582,1587,UNDETERMINED,All Devices,2019-02-27,0.00398161482455304,0.0,0,0,0.0,1,0,1.0,0,0
350187,1398,UNDETERMINED,All Devices,2019-02-28,0.00399215276409461,1.0,0,0,0.0,0,0,0.0,0,0
344857,1168,UNDETERMINED,All Devices,2019-03-01,0.00338691109648347,0.0,0,0,1.0,0,0,0.0,0,0
329074,999,UNDETERMINED,All Devices,2019-03-02,0.00303579134176507,0.0,0,0,0.0,0,0,0.0,0,0
314355,975,UNDETERMINED,All Devices,2019-03-03,0.00310158896788663,0.0,0,0,0.0,0,0,0.0,0,0
347359,1120,UNDETERMINED,All Devices,2019-03-04,0.00322432987197683,0.0,0,0,0.0,0,0,1.0,0,0
339640,1024,UNDETERMINED,All Devices,2019-03-05,0.00301495701330821,0.0,0,0,0.0,0,0,0.0,0,0
329541,1120,UNDETERMINED,All Devices,2019-03-06,0.00339866663025238,0.0,0,0,0.0,0,0,0.0,0,0
344330,2229,UNDETERMINED,All Devices,2019-03-07,0.00647344117561641,0.0,0,0,1.0,1,1,1.0,1,1
674127,7006,UNDETERMINED,All Devices,2019-03-08,0.0103927004852201,1.0,1,1,1.0,1,1,1.0,1,1
308319,935,UNDETERMINED,All Devices,2019-03-09,0.00303257340611509,1.0,0,0,1.0,0,0,0.0,0,0
291194,845,UNDETERMINED,All Devices,2019-03-10,0.00290184550505848,0.0,0,0,0.0,0,0,0.0,0,0
331293,1033,UNDETERMINED,All Devices,2019-03-11,0.0031180858032014,0.0,0,0,0.0,0,0,0.0,0,0
360930,1024,UNDETERMINED,All Devices,2019-03-12,0.00283711523010002,0.0,0,0,0.0,0,0,1.0,0,0
362682,894,UNDETERMINED,All Devices,2019-03-13,0.00246496931195924,0.0,0,0,0.0,0,0,1.0,1,0
398737,1031,UNDETERMINED,All Devices,2019-03-14,0.00258566423482145,0.0,1,0,0.0,0,0,0.0,0,0
348837,990,UNDETERMINED,All Devices,2019-03-15,0.00283800170280102,1.0,0,0,0.0,0,0,0.0,0,0
327857,816,UNDETERMINED,All Devices,2019-03-16,0.00248888997337254,0.0,0,0,0.0,0,0,0.0,0,0
336549,841,UNDETERMINED,All Devices,2019-03-17,0.0024988931775165,0.0,0,0,0.0,0,0,0.0,0,0
322119,945,UNDETERMINED,All Devices,2019-03-18,0.00293369841580286,0.0,0,0,0.0,0,0,0.0,0,0
308960,1159,UNDETERMINED,All Devices,2019-03-19,0.00375129466597618,0.0,0,0,0.0,0,0,1.0,1,0
340718,1115,UNDETERMINED,All Devices,2019-03-20,0.00327250101256758,0.0,0,0,1.0,0,0,0.0,0,0
494932,3260,UNDETERMINED,All Devices,2019-03-21,0.00658676343416873,1.0,1,1,1.0,1,1,1.0,1,1
367142,1001,UNDETERMINED,All Devices,2019-03-22,0.002726465509258,0.0,0,0,0.0,0,0,0.0,0,0
337113,678,UNDETERMINED,All Devices,2019-03-23,0.00201119505922347,0.0,0,0,1.0,0,0,1.0,0,0
328524,694,UNDETERMINED,All Devices,2019-03-24,0.00211247884477238,0.0,0,0,0.0,0,0,0.0,0,0
350130,1021,UNDETERMINED,All Devices,2019-03-25,0.002916059749236,1.0,0,0,1.0,0,0,1.0,0,0
368183,1267,UNDETERMINED,All Devices,2019-03-26,0.00344122352199857,0.0,0,0,1.0,0,0,1.0,0,0
658794,6273,UNDETERMINED,All Devices,2019-03-27,0.00952194464430459,1.0,1,1,1.0,1,1,1.0,1,1
603708,4741,UNDETERMINED,All Devices,2019-03-28,0.00785313429671298,1.0,1,1,1.0,1,1,1.0,1,1
404662,1050,UNDETERMINED,All Devices,2019-03-29,0.00259475809440966,0.0,0,0,1.0,0,0,1.0,0,0
363043,853,UNDETERMINED,All Devices,2019-03-30,0.00234958393358363,1.0,0,0,1.0,0,0,1.0,0,0
353950,918,UNDETERMINED,All Devices,2019-03-31,0.00259358666478316,0.0,0,0,1.0,0,0,0.0,0,0
79575,833,CUSTOMER,Mobile Phone,2019-02-01,0.0104681118441722,0.0,0,0,0.0,0,0,0.0,0,0
82752,970,CUSTOMER,Mobile Phone,2019-02-02,0.0117217710750193,0.0,0,0,0.0,0,0,0.0,0,0
32030,294,CUSTOMER,Mobile Phone,2019-02-03,0.00917889478613799,1.0,1,1,1.0,1,0,0.0,1,0
48238,485,CUSTOMER,Mobile Phone,2019-02-04,0.0100543140262863,1.0,1,0,0.0,1,0,0.0,0,0
77440,795,CUSTOMER,Mobile Phone,2019-02-05,0.0102660123966942,0.0,0,0,0.0,0,0,0.0,0,0
79075,787,CUSTOMER,Mobile Phone,2019-02-06,0.00995257666772052,0.0,0,0,0.0,0,0,0.0,0,0
93770,998,CUSTOMER,Mobile Phone,2019-02-07,0.0106430628132665,1.0,0,0,1.0,1,0,0.0,0,0
85898,893,CUSTOMER,Mobile Phone,2019-02-08,0.0103960511304105,0.0,0,0,0.0,0,0,0.0,0,0
91830,1021,CUSTOMER,Mobile Phone,2019-02-09,0.0111183709027551,0.0,0,0,0.0,0,0,0.0,0,0
86474,871,CUSTOMER,Mobile Phone,2019-02-10,0.0100723917015519,0.0,0,0,0.0,0,0,0.0,0,0
78626,816,CUSTOMER,Mobile Phone,2019-02-11,0.010378246381604,0.0,0,0,0.0,0,0,0.0,0,0
88257,810,CUSTOMER,Mobile Phone,2019-02-12,0.00917774227540025,0.0,0,0,0.0,0,0,0.0,0,0
83362,767,CUSTOMER,Mobile Phone,2019-02-13,0.00920083491279,0.0,0,0,0.0,0,0,0.0,0,0
82352,690,CUSTOMER,Mobile Phone,2019-02-14,0.00837866718476783,0.0,0,0,0.0,0,0,0.0,1,0
85510,851,CUSTOMER,Mobile Phone,2019-02-15,0.00995205239153315,0.0,0,0,0.0,0,0,0.0,0,0
88728,947,CUSTOMER,Mobile Phone,2019-02-16,0.0106730682535389,0.0,0,0,0.0,0,0,0.0,0,0
80231,763,CUSTOMER,Mobile Phone,2019-02-17,0.00951003976019245,0.0,0,0,0.0,0,0,0.0,0,0
80245,815,CUSTOMER,Mobile Phone,2019-02-18,0.0101563960371363,0.0,0,0,0.0,0,0,0.0,0,0
89765,730,CUSTOMER,Mobile Phone,2019-02-19,0.00813234556898568,0.0,1,0,0.0,1,0,0.0,0,0
107535,1250,CUSTOMER,Mobile Phone,2019-02-20,0.0116241223787604,1.0,0,0,1.0,0,0,0.0,1,0
114936,1243,CUSTOMER,Mobile Phone,2019-02-21,0.0108147142757709,0.0,0,0,0.0,0,0,0.0,0,0
13225,118,CUSTOMER,Mobile Phone,2019-02-22,0.00892249527410208,1.0,1,1,1.0,1,1,0.0,1,0
101177,1232,CUSTOMER,Mobile Phone,2019-02-23,0.012176680470858,1.0,0,0,1.0,0,0,0.0,0,0
90549,1096,CUSTOMER,Mobile Phone,2019-02-24,0.0121039437210792,0.0,0,0,0.0,0,0,0.0,0,0
78615,864,CUSTOMER,Mobile Phone,2019-02-25,0.0109902690326274,0.0,0,0,1.0,0,0,0.0,0,0
98984,925,CUSTOMER,Mobile Phone,2019-02-26,0.00934494463751718,1.0,0,0,0.0,0,0,0.0,0,0
97140,1207,CUSTOMER,Mobile Phone,2019-02-27,0.0124253654519251,0.0,0,0,1.0,1,0,0.0,1,0
83127,899,CUSTOMER,Mobile Phone,2019-02-28,0.0108147773888147,0.0,1,0,1.0,0,0,0.0,0,0
100142,1138,CUSTOMER,Mobile Phone,2019-03-01,0.011363863314094,1.0,0,0,1.0,0,0,0.0,0,0
96279,1251,CUSTOMER,Mobile Phone,2019-03-02,0.0129934876764403,0.0,0,0,0.0,0,0,0.0,0,0
86839,1196,CUSTOMER,Mobile Phone,2019-03-03,0.0137726136873985,0.0,0,0,0.0,0,0,0.0,1,0
83807,999,CUSTOMER,Mobile Phone,2019-03-04,0.0119202453255695,0.0,0,0,0.0,0,0,0.0,0,0
80715,931,CUSTOMER,Mobile Phone,2019-03-05,0.0115344111999009,0.0,0,0,0.0,0,0,0.0,0,0
81075,933,CUSTOMER,Mobile Phone,2019-03-06,0.0115078630897317,0.0,0,0,0.0,0,0,0.0,0,0
52630,458,CUSTOMER,Mobile Phone,2019-03-07,0.00870226106783203,1.0,1,0,1.0,1,0,0.0,1,0
84348,902,CUSTOMER,Mobile Phone,2019-03-09,0.0106937923839332,0.0,0,0,0.0,0,0,0.0,0,0
80212,880,CUSTOMER,Mobile Phone,2019-03-10,0.0109709270433352,0.0,0,0,0.0,0,0,0.0,0,0
78720,809,CUSTOMER,Mobile Phone,2019-03-11,0.0102769308943089,0.0,0,0,0.0,0,0,0.0,0,0
77045,767,CUSTOMER,Mobile Phone,2019-03-12,0.00995522097475501,0.0,0,0,0.0,0,0,0.0,0,0
99062,1013,CUSTOMER,Mobile Phone,2019-03-13,0.0102259191213583,1.0,0,0,0.0,0,0,0.0,0,0
100942,930,CUSTOMER,Mobile Phone,2019-03-14,0.00921321154722514,1.0,1,0,0.0,0,0,0.0,0,0
79729,876,CUSTOMER,Mobile Phone,2019-03-15,0.0109872192050571,0.0,0,0,0.0,0,0,0.0,0,0
79729,936,CUSTOMER,Mobile Phone,2019-03-16,0.0117397684656775,0.0,0,0,0.0,0,0,0.0,0,0
73535,889,CUSTOMER,Mobile Phone,2019-03-17,0.0120894811994288,1.0,0,0,0.0,0,0,0.0,0,0
73321,745,CUSTOMER,Mobile Phone,2019-03-18,0.0101607997708706,0.0,0,0,0.0,0,0,0.0,0,0
84161,688,CUSTOMER,Mobile Phone,2019-03-19,0.00817480780884258,1.0,0,0,0.0,0,0,0.0,0,0
108307,806,CUSTOMER,Mobile Phone,2019-03-20,0.00744180893201732,1.0,0,0,0.0,0,0,0.0,0,0
56338,374,CUSTOMER,Mobile Phone,2019-03-21,0.00663850331925166,1.0,1,1,1.0,1,0,0.0,1,0
104594,947,CUSTOMER,Mobile Phone,2019-03-22,0.00905405663804807,1.0,0,0,0.0,0,0,0.0,0,0
99720,951,CUSTOMER,Mobile Phone,2019-03-23,0.0095367027677497,0.0,0,0,0.0,0,0,0.0,0,0
92998,825,CUSTOMER,Mobile Phone,2019-03-24,0.00887115851953805,1.0,0,0,0.0,1,0,0.0,0,0
93418,850,CUSTOMER,Mobile Phone,2019-03-25,0.00909888886510094,0.0,0,0,0.0,0,0,0.0,0,0
94023,781,CUSTOMER,Mobile Phone,2019-03-26,0.00830647820214203,1.0,0,0,0.0,0,0,0.0,0,0
3668,24,CUSTOMER,Mobile Phone,2019-03-27,0.00654307524536532,1.0,1,1,1.0,1,1,0.0,0,0
32990,265,CUSTOMER,Mobile Phone,2019-03-28,0.00803273719308882,1.0,1,1,1.0,1,1,0.0,0,0
108682,937,CUSTOMER,Mobile Phone,2019-03-29,0.008621482858247,1.0,0,0,1.0,0,0,0.0,0,0
108058,1050,CUSTOMER,Mobile Phone,2019-03-30,0.0097170038312758,1.0,0,0,1.0,0,0,0.0,0,0
94933,980,CUSTOMER,Mobile Phone,2019-03-31,0.0103230699545996,1.0,0,0,0.0,0,0,0.0,0,0
20600,109,PROSPECT,Mobile Phone,2019-02-01,0.00529126213592233,0.0,0,0,0.0,0,0,0.0,0,0
20558,88,PROSPECT,Mobile Phone,2019-02-02,0.00428057204008172,0.0,0,0,0.0,0,0,0.0,0,0
8892,31,PROSPECT,Mobile Phone,2019-02-03,0.00348627980206928,1.0,1,0,1.0,1,0,0.0,0,0
11000,60,PROSPECT,Mobile Phone,2019-02-04,0.00545454545454545,0.0,1,0,0.0,1,0,0.0,0,0
16361,78,PROSPECT,Mobile Phone,2019-02-05,0.00476743475337693,0.0,0,0,0.0,0,0,0.0,0,0
19504,106,PROSPECT,Mobile Phone,2019-02-06,0.00543478260869565,0.0,0,0,0.0,0,0,0.0,0,0
17452,85,PROSPECT,Mobile Phone,2019-02-07,0.00487050194820078,0.0,0,0,0.0,0,0,0.0,0,0
16263,98,PROSPECT,Mobile Phone,2019-02-08,0.00602594847199164,0.0,0,0,0.0,0,0,0.0,1,0
23234,91,PROSPECT,Mobile Phone,2019-02-09,0.00391667384006198,0.0,0,0,0.0,0,0,0.0,0,0
24476,87,PROSPECT,Mobile Phone,2019-02-10,0.00355450236966825,0.0,0,0,0.0,0,0,0.0,0,0
22494,97,PROSPECT,Mobile Phone,2019-02-11,0.00431226104739041,0.0,0,0,0.0,0,0,0.0,0,0
21891,91,PROSPECT,Mobile Phone,2019-02-12,0.00415695948106528,0.0,0,0,0.0,0,0,0.0,0,0
21427,110,PROSPECT,Mobile Phone,2019-02-13,0.00513370980538573,0.0,0,0,0.0,0,0,0.0,0,0
20957,95,PROSPECT,Mobile Phone,2019-02-14,0.00453309156844968,0.0,0,0,0.0,0,0,0.0,0,0
20868,97,PROSPECT,Mobile Phone,2019-02-15,0.00464826528656316,0.0,0,0,0.0,0,0,0.0,0,0
23749,64,PROSPECT,Mobile Phone,2019-02-16,0.00269485030948672,0.0,0,0,0.0,0,0,0.0,1,0
19692,76,PROSPECT,Mobile Phone,2019-02-17,0.00385943530367662,0.0,0,0,0.0,0,0,0.0,0,0
17265,81,PROSPECT,Mobile Phone,2019-02-18,0.00469157254561251,0.0,0,0,0.0,0,0,0.0,0,0
15405,75,PROSPECT,Mobile Phone,2019-02-19,0.00486854917234664,0.0,1,0,0.0,0,0,0.0,0,0
25639,95,PROSPECT,Mobile Phone,2019-02-20,0.00370529271812473,1.0,0,0,0.0,0,0,0.0,1,0
28860,133,PROSPECT,Mobile Phone,2019-02-21,0.00460845460845461,0.0,1,0,0.0,1,0,0.0,0,0
3267,24,PROSPECT,Mobile Phone,2019-02-22,0.00734618916437098,1.0,1,1,1.0,1,1,1.0,1,1
20276,84,PROSPECT,Mobile Phone,2019-02-23,0.00414282896034721,0.0,0,0,0.0,0,0,0.0,0,0
18666,71,PROSPECT,Mobile Phone,2019-02-24,0.00380370727525983,0.0,0,0,0.0,0,0,0.0,0,0
15417,46,PROSPECT,Mobile Phone,2019-02-25,0.00298371927093468,0.0,0,0,0.0,1,1,0.0,1,1
23473,119,PROSPECT,Mobile Phone,2019-02-26,0.00506965449665573,0.0,1,0,1.0,0,0,0.0,0,0
20778,147,PROSPECT,Mobile Phone,2019-02-27,0.00707479064395033,0.0,0,0,0.0,0,0,1.0,0,0
22261,137,PROSPECT,Mobile Phone,2019-02-28,0.00615426081487804,0.0,0,0,0.0,0,0,0.0,0,0
23633,166,PROSPECT,Mobile Phone,2019-03-01,0.00702407650319469,0.0,0,0,1.0,1,0,0.0,1,0
24743,118,PROSPECT,Mobile Phone,2019-03-02,0.00476902558299317,0.0,0,0,0.0,0,0,0.0,0,0
23754,107,PROSPECT,Mobile Phone,2019-03-03,0.0045045045045045,0.0,0,0,0.0,0,0,0.0,0,0
23459,120,PROSPECT,Mobile Phone,2019-03-04,0.00511530755786692,0.0,0,0,0.0,0,0,0.0,0,0
20451,99,PROSPECT,Mobile Phone,2019-03-05,0.00484083907877365,0.0,0,0,0.0,0,0,0.0,0,0
21817,124,PROSPECT,Mobile Phone,2019-03-06,0.00568364119723152,0.0,0,0,0.0,0,0,0.0,0,0
11771,78,PROSPECT,Mobile Phone,2019-03-07,0.00662645484665704,1.0,1,0,0.0,1,0,0.0,1,0
17262,80,PROSPECT,Mobile Phone,2019-03-09,0.00463445718920171,0.0,0,0,0.0,0,0,0.0,0,0
21713,82,PROSPECT,Mobile Phone,2019-03-10,0.00377653940035923,0.0,0,0,0.0,0,0,0.0,0,0
21013,102,PROSPECT,Mobile Phone,2019-03-11,0.00485413791462428,0.0,0,0,0.0,0,0,0.0,1,0
21400,90,PROSPECT,Mobile Phone,2019-03-12,0.00420560747663551,0.0,0,0,0.0,0,0,0.0,0,0
21951,77,PROSPECT,Mobile Phone,2019-03-13,0.00350781285590634,0.0,0,0,0.0,0,0,0.0,0,0
19984,108,PROSPECT,Mobile Phone,2019-03-14,0.00540432345876701,0.0,0,0,0.0,0,0,0.0,0,0
16411,96,PROSPECT,Mobile Phone,2019-03-15,0.00584973493388581,0.0,0,0,0.0,0,0,0.0,1,0
21711,91,PROSPECT,Mobile Phone,2019-03-16,0.00419142370227074,0.0,0,0,0.0,0,0,0.0,0,0
20998,76,PROSPECT,Mobile Phone,2019-03-17,0.00361939232307839,0.0,0,0,0.0,0,0,0.0,0,0
20810,80,PROSPECT,Mobile Phone,2019-03-18,0.00384430562229697,0.0,0,0,0.0,0,0,0.0,0,0
20201,88,PROSPECT,Mobile Phone,2019-03-19,0.00435621998910945,0.0,0,0,0.0,0,0,0.0,0,0
20153,84,PROSPECT,Mobile Phone,2019-03-20,0.00416811392844738,0.0,0,0,0.0,0,0,0.0,0,0
12103,58,PROSPECT,Mobile Phone,2019-03-21,0.00479220028092209,1.0,1,0,0.0,1,0,0.0,0,0
22989,109,PROSPECT,Mobile Phone,2019-03-22,0.00474139805994171,1.0,0,0,0.0,0,0,0.0,0,0
27964,102,PROSPECT,Mobile Phone,2019-03-23,0.00364754684594479,0.0,0,0,0.0,0,0,0.0,0,0
28092,112,PROSPECT,Mobile Phone,2019-03-24,0.00398690018510608,0.0,0,0,0.0,0,0,0.0,0,0
28191,130,PROSPECT,Mobile Phone,2019-03-25,0.00461140080167429,0.0,0,0,0.0,1,0,0.0,1,0
26284,107,PROSPECT,Mobile Phone,2019-03-26,0.0040709176685436,0.0,0,0,0.0,0,0,0.0,0,0
1382,3,PROSPECT,Mobile Phone,2019-03-27,0.00217076700434153,1.0,1,1,1.0,1,1,1.0,1,0
6813,31,PROSPECT,Mobile Phone,2019-03-28,0.0045501247614854,1.0,1,1,0.0,1,1,0.0,0,0
21094,103,PROSPECT,Mobile Phone,2019-03-29,0.00488290509149521,0.0,0,0,1.0,0,0,0.0,0,0
29662,111,PROSPECT,Mobile Phone,2019-03-30,0.00374216168835547,1.0,1,0,0.0,0,0,0.0,0,0
24417,80,PROSPECT,Mobile Phone,2019-03-31,0.00327640578285621,0.0,0,0,0.0,0,0,0.0,0,0
171096,346,UNDETERMINED,Mobile Phone,2019-02-01,0.0020222565109646,0.0,0,0,0.0,0,0,0.0,0,0
186678,268,UNDETERMINED,Mobile Phone,2019-02-02,0.00143562712263898,0.0,0,0,0.0,0,0,1.0,0,0
189335,597,UNDETERMINED,Mobile Phone,2019-02-03,0.00315314125755935,0.0,0,0,0.0,1,1,1.0,1,1
213592,623,UNDETERMINED,Mobile Phone,2019-02-04,0.00291677590921008,1.0,1,0,0.0,1,1,1.0,1,1
176346,272,UNDETERMINED,Mobile Phone,2019-02-05,0.00154242228346546,1.0,0,0,1.0,0,0,0.0,0,0
171252,279,UNDETERMINED,Mobile Phone,2019-02-06,0.001629178053395,0.0,0,0,0.0,0,0,0.0,0,0
199045,314,UNDETERMINED,Mobile Phone,2019-02-07,0.00157753271873195,1.0,0,0,0.0,0,0,0.0,0,0
214753,360,UNDETERMINED,Mobile Phone,2019-02-08,0.00167634445153269,0.0,0,0,0.0,0,0,0.0,0,0
208904,287,UNDETERMINED,Mobile Phone,2019-02-09,0.00137383678627504,0.0,0,0,0.0,0,0,1.0,0,0
207942,249,UNDETERMINED,Mobile Phone,2019-02-10,0.00119744928874398,0.0,0,0,1.0,0,0,0.0,0,0
208457,250,UNDETERMINED,Mobile Phone,2019-02-11,0.00119928810258231,0.0,0,0,0.0,0,0,0.0,0,0
183123,251,UNDETERMINED,Mobile Phone,2019-02-12,0.00137066343386685,0.0,0,0,0.0,0,0,0.0,0,0
181897,280,UNDETERMINED,Mobile Phone,2019-02-13,0.00153933269927486,0.0,0,0,0.0,0,0,0.0,0,0
174687,262,UNDETERMINED,Mobile Phone,2019-02-14,0.00149982540200473,0.0,0,0,1.0,0,0,1.0,0,0
185715,294,UNDETERMINED,Mobile Phone,2019-02-15,0.00158307083434294,0.0,0,0,0.0,0,0,0.0,0,0
196988,257,UNDETERMINED,Mobile Phone,2019-02-16,0.00130464799886287,0.0,0,0,0.0,0,0,0.0,0,0
199485,247,UNDETERMINED,Mobile Phone,2019-02-17,0.00123818833496253,0.0,0,0,0.0,0,0,0.0,0,0
204151,338,UNDETERMINED,Mobile Phone,2019-02-18,0.0016556372488991,0.0,0,0,1.0,0,0,1.0,0,0
181657,330,UNDETERMINED,Mobile Phone,2019-02-19,0.00181661042514189,0.0,0,0,0.0,1,0,0.0,0,0
218535,605,UNDETERMINED,Mobile Phone,2019-02-20,0.00276843526208616,1.0,0,0,1.0,0,1,1.0,0,0
230827,403,UNDETERMINED,Mobile Phone,2019-02-21,0.00174589627729858,0.0,0,0,1.0,1,0,1.0,1,0
350355,3463,UNDETERMINED,Mobile Phone,2019-02-22,0.00988426025031753,1.0,1,1,1.0,1,1,1.0,1,1
234022,354,UNDETERMINED,Mobile Phone,2019-02-23,0.00151267829520302,0.0,0,0,0.0,0,0,0.0,0,0
243693,435,UNDETERMINED,Mobile Phone,2019-02-24,0.00178503280767195,0.0,0,0,0.0,0,0,0.0,0,0
212441,355,UNDETERMINED,Mobile Phone,2019-02-25,0.00167105219802204,0.0,0,0,0.0,0,0,0.0,0,0
188153,398,UNDETERMINED,Mobile Phone,2019-02-26,0.00211529978262372,0.0,0,0,0.0,0,0,0.0,0,0
206058,552,UNDETERMINED,Mobile Phone,2019-02-27,0.002678857409079,0.0,0,0,0.0,1,0,1.0,0,0
172959,431,UNDETERMINED,Mobile Phone,2019-02-28,0.00249192005041657,1.0,0,0,0.0,0,0,0.0,0,0
178163,364,UNDETERMINED,Mobile Phone,2019-03-01,0.00204307291637433,0.0,0,0,0.0,0,0,0.0,0,0
179557,330,UNDETERMINED,Mobile Phone,2019-03-02,0.001837856502392,0.0,0,0,0.0,0,0,0.0,0,0
169495,340,UNDETERMINED,Mobile Phone,2019-03-03,0.002005958877843,0.0,0,0,0.0,0,0,1.0,0,0
165571,323,UNDETERMINED,Mobile Phone,2019-03-04,0.00195082472172059,0.0,0,0,0.0,0,0,0.0,0,0
160405,309,UNDETERMINED,Mobile Phone,2019-03-05,0.0019263738661513,0.0,0,0,0.0,0,0,0.0,0,0
156066,316,UNDETERMINED,Mobile Phone,2019-03-06,0.00202478438609306,0.0,0,0,0.0,0,0,0.0,0,0
166757,513,UNDETERMINED,Mobile Phone,2019-03-07,0.00307633262771578,0.0,0,0,1.0,1,0,1.0,1,0
285902,1411,UNDETERMINED,Mobile Phone,2019-03-08,0.00493525753579898,1.0,1,1,1.0,1,1,1.0,1,1
172370,300,UNDETERMINED,Mobile Phone,2019-03-09,0.00174044207228636,1.0,0,0,1.0,0,0,0.0,0,0
159871,245,UNDETERMINED,Mobile Phone,2019-03-10,0.00153248556648798,0.0,0,0,1.0,0,0,0.0,0,0
162171,290,UNDETERMINED,Mobile Phone,2019-03-11,0.00178823587447817,0.0,0,0,0.0,0,0,0.0,0,0
172380,304,UNDETERMINED,Mobile Phone,2019-03-12,0.00176354565494837,0.0,0,0,0.0,0,0,0.0,0,0
175752,238,UNDETERMINED,Mobile Phone,2019-03-13,0.00135418089125586,0.0,0,0,0.0,0,0,0.0,1,0
205591,335,UNDETERMINED,Mobile Phone,2019-03-14,0.00162944875991653,0.0,1,0,0.0,0,0,0.0,0,0
165910,340,UNDETERMINED,Mobile Phone,2019-03-15,0.00204930383943102,1.0,0,0,0.0,0,0,0.0,0,0
169425,255,UNDETERMINED,Mobile Phone,2019-03-16,0.00150509074811864,0.0,0,0,0.0,0,0,0.0,0,0
177973,282,UNDETERMINED,Mobile Phone,2019-03-17,0.00158451000994533,1.0,0,0,0.0,0,0,0.0,0,0
145262,283,UNDETERMINED,Mobile Phone,2019-03-18,0.0019482039349589,1.0,0,0,0.0,0,0,1.0,0,0
137946,342,UNDETERMINED,Mobile Phone,2019-03-19,0.00247923100343613,1.0,1,0,0.0,0,0,0.0,1,0
196609,424,UNDETERMINED,Mobile Phone,2019-03-20,0.0021565645519788,0.0,0,0,0.0,0,0,0.0,0,0
278565,801,UNDETERMINED,Mobile Phone,2019-03-21,0.00287545097194551,1.0,1,0,1.0,1,1,0.0,1,0
231106,435,UNDETERMINED,Mobile Phone,2019-03-22,0.00188225316521423,1.0,0,0,0.0,0,0,0.0,0,0
228567,344,UNDETERMINED,Mobile Phone,2019-03-23,0.00150502915993997,0.0,0,0,0.0,0,0,1.0,0,0
223721,317,UNDETERMINED,Mobile Phone,2019-03-24,0.00141694342506962,0.0,0,0,0.0,0,0,0.0,0,0
211886,363,UNDETERMINED,Mobile Phone,2019-03-25,0.00171318539214483,0.0,0,0,1.0,0,0,0.0,0,0
224407,457,UNDETERMINED,Mobile Phone,2019-03-26,0.00203647836297442,1.0,0,0,0.0,0,0,1.0,0,0
354743,1506,UNDETERMINED,Mobile Phone,2019-03-27,0.00424532689862802,1.0,1,1,1.0,1,1,1.0,1,1
340539,1240,UNDETERMINED,Mobile Phone,2019-03-28,0.00364128631375555,1.0,1,1,1.0,1,1,1.0,1,1
264810,460,UNDETERMINED,Mobile Phone,2019-03-29,0.00173709452059968,1.0,0,0,0.0,0,0,1.0,0,0
253532,411,UNDETERMINED,Mobile Phone,2019-03-30,0.00162109713961157,0.0,0,0,0.0,0,0,1.0,0,0
242940,420,UNDETERMINED,Mobile Phone,2019-03-31,0.00172882193134107,1.0,0,0,0.0,0,0,0.0,0,0
154086,3389,CUSTOMER,Desktop,2019-02-01,0.021994211025012,0.0,0,0,0.0,0,0,0.0,0,0
113781,2946,CUSTOMER,Desktop,2019-02-02,0.0258918448598624,0.0,0,0,0.0,0,0,0.0,0,0
41618,916,CUSTOMER,Desktop,2019-02-03,0.022009707338171,0.0,1,0,1.0,1,0,0.0,0,0
110329,2413,CUSTOMER,Desktop,2019-02-04,0.0218709496143353,0.0,1,0,0.0,1,0,0.0,0,0
152234,3558,CUSTOMER,Desktop,2019-02-05,0.0233719142898433,0.0,0,0,0.0,0,0,0.0,0,0
150209,3329,CUSTOMER,Desktop,2019-02-06,0.0221624536479172,0.0,0,0,0.0,0,0,0.0,0,0
157491,3927,CUSTOMER,Desktop,2019-02-07,0.0249347581766577,0.0,0,0,0.0,0,0,0.0,0,0
153558,3734,CUSTOMER,Desktop,2019-02-08,0.0243165448885763,0.0,0,0,0.0,0,0,0.0,0,0
118793,3296,CUSTOMER,Desktop,2019-02-09,0.0277457425942606,0.0,0,0,0.0,0,0,0.0,0,0
113659,2910,CUSTOMER,Desktop,2019-02-10,0.0256028999023395,0.0,0,0,0.0,0,0,0.0,0,0
146228,3982,CUSTOMER,Desktop,2019-02-11,0.0272314467817381,0.0,0,0,0.0,0,0,0.0,0,0
144775,3911,CUSTOMER,Desktop,2019-02-12,0.0270143325850458,0.0,0,0,0.0,0,0,0.0,0,0
152603,3475,CUSTOMER,Desktop,2019-02-13,0.0227715051473431,0.0,0,0,0.0,0,0,0.0,0,0
144290,3114,CUSTOMER,Desktop,2019-02-14,0.0215815371820639,0.0,0,0,0.0,0,0,0.0,0,0
153677,3289,CUSTOMER,Desktop,2019-02-15,0.0214020315336713,0.0,0,0,0.0,0,0,0.0,0,0
116293,2727,CUSTOMER,Desktop,2019-02-16,0.0234493907629866,0.0,0,0,0.0,0,0,0.0,0,0
104522,2616,CUSTOMER,Desktop,2019-02-17,0.0250282237232353,0.0,0,0,0.0,0,0,0.0,0,0
146963,3666,CUSTOMER,Desktop,2019-02-18,0.024945054197315,1.0,0,0,0.0,0,0,0.0,0,0
150879,3385,CUSTOMER,Desktop,2019-02-19,0.0224351964156708,0.0,0,0,0.0,0,0,0.0,0,0
177510,4292,CUSTOMER,Desktop,2019-02-20,0.0241789194974931,0.0,0,0,1.0,0,0,0.0,0,0
196099,5207,CUSTOMER,Desktop,2019-02-21,0.0265529145992585,0.0,0,0,0.0,1,0,0.0,0,0
18078,370,CUSTOMER,Desktop,2019-02-22,0.0204668658037394,1.0,1,0,1.0,1,1,1.0,1,0
123318,3552,CUSTOMER,Desktop,2019-02-23,0.0288035809857442,0.0,0,0,0.0,0,0,0.0,0,0
114164,3442,CUSTOMER,Desktop,2019-02-24,0.0301496093339406,0.0,0,0,0.0,0,0,0.0,0,0
158064,4095,CUSTOMER,Desktop,2019-02-25,0.0259072274521713,0.0,0,0,0.0,0,0,0.0,0,0
161411,3799,CUSTOMER,Desktop,2019-02-26,0.0235361902224755,0.0,0,0,0.0,0,0,0.0,0,0
160627,4469,CUSTOMER,Desktop,2019-02-27,0.0278222216688353,0.0,0,0,0.0,0,0,0.0,0,0
152206,4046,CUSTOMER,Desktop,2019-02-28,0.0265823949121585,0.0,0,0,0.0,0,0,0.0,0,0
173188,4778,CUSTOMER,Desktop,2019-03-01,0.0275885165253944,0.0,1,0,0.0,1,0,0.0,0,0
131073,3815,CUSTOMER,Desktop,2019-03-02,0.0291059180761866,0.0,0,0,0.0,0,0,0.0,0,0
123865,3897,CUSTOMER,Desktop,2019-03-03,0.0314616719815929,0.0,0,0,0.0,0,0,0.0,0,0
171400,4853,CUSTOMER,Desktop,2019-03-04,0.0283138856476079,0.0,0,0,0.0,0,0,0.0,0,0
162106,4505,CUSTOMER,Desktop,2019-03-05,0.0277904580953203,0.0,0,0,0.0,0,0,0.0,0,0
160509,4624,CUSTOMER,Desktop,2019-03-06,0.0288083534256646,0.0,0,0,0.0,0,0,0.0,0,0
102523,2480,CUSTOMER,Desktop,2019-03-07,0.0241896940198785,0.0,1,0,0.0,1,0,0.0,0,0
120220,3473,CUSTOMER,Desktop,2019-03-09,0.0288887040425886,0.0,0,0,0.0,0,0,0.0,0,0
112555,3033,CUSTOMER,Desktop,2019-03-10,0.0269468259961796,0.0,0,0,0.0,0,0,0.0,0,0
163301,3991,CUSTOMER,Desktop,2019-03-11,0.0244395319073368,1.0,1,0,0.0,1,0,0.0,0,0
161097,3820,CUSTOMER,Desktop,2019-03-12,0.02371242170866,0.0,0,0,0.0,0,0,0.0,0,0
171423,4154,CUSTOMER,Desktop,2019-03-13,0.0242324542214289,0.0,0,0,0.0,0,0,0.0,0,0
183308,4342,CUSTOMER,Desktop,2019-03-14,0.0236869094638532,0.0,0,0,0.0,0,0,0.0,0,0
164170,4061,CUSTOMER,Desktop,2019-03-15,0.0247365535725163,0.0,0,0,0.0,0,0,0.0,0,0
118499,3364,CUSTOMER,Desktop,2019-03-16,0.0283884252187782,1.0,0,0,0.0,0,0,0.0,0,0
108924,3213,CUSTOMER,Desktop,2019-03-17,0.0294976313760053,0.0,0,0,0.0,0,0,0.0,0,0
162348,3946,CUSTOMER,Desktop,2019-03-18,0.0243058122058787,1.0,1,0,0.0,0,0,0.0,0,0
160420,4151,CUSTOMER,Desktop,2019-03-19,0.0258758259568632,0.0,0,0,0.0,0,0,0.0,0,0
141595,3892,CUSTOMER,Desktop,2019-03-20,0.0274868462869452,0.0,0,0,0.0,0,0,0.0,0,0
83629,1897,CUSTOMER,Desktop,2019-03-21,0.0226835188750314,0.0,1,0,1.0,1,0,0.0,0,0
141618,3812,CUSTOMER,Desktop,2019-03-22,0.0269174822409581,1.0,0,0,0.0,0,0,0.0,0,0
94438,3081,CUSTOMER,Desktop,2019-03-23,0.0326245790889261,1.0,0,0,0.0,0,0,0.0,0,0
86970,2756,CUSTOMER,Desktop,2019-03-24,0.0316890881913303,0.0,0,0,0.0,0,0,0.0,0,0
140771,4077,CUSTOMER,Desktop,2019-03-25,0.0289619310795547,1.0,1,0,0.0,1,0,0.0,0,0
134847,3666,CUSTOMER,Desktop,2019-03-26,0.0271863667712296,0.0,0,0,0.0,0,0,0.0,0,0
2103,31,CUSTOMER,Desktop,2019-03-27,0.0147408464098906,1.0,1,0,1.0,1,1,1.0,1,1
44397,964,CUSTOMER,Desktop,2019-03-28,0.0217131788183886,0.0,1,0,0.0,1,0,0.0,0,0
140633,3591,CUSTOMER,Desktop,2019-03-29,0.025534547367972,1.0,0,0,0.0,0,0,0.0,0,0
92489,2879,CUSTOMER,Desktop,2019-03-30,0.0311280260355285,1.0,0,0,0.0,0,0,0.0,0,0
96786,2983,CUSTOMER,Desktop,2019-03-31,0.0308205732234001,1.0,0,0,0.0,0,0,0.0,0,0
21987,98,PROSPECT,Desktop,2019-02-01,0.00445717924227953,0.0,0,0,0.0,0,0,0.0,0,0
17583,75,PROSPECT,Desktop,2019-02-02,0.00426548370585224,0.0,0,0,0.0,0,0,0.0,0,0
6593,26,PROSPECT,Desktop,2019-02-03,0.0039435765205521,1.0,1,0,1.0,1,0,0.0,0,0
14170,70,PROSPECT,Desktop,2019-02-04,0.00494001411432604,0.0,1,0,0.0,0,0,0.0,0,0
18790,82,PROSPECT,Desktop,2019-02-05,0.00436402341671102,0.0,0,0,0.0,0,0,0.0,0,0
21437,98,PROSPECT,Desktop,2019-02-06,0.00457153519615618,0.0,0,0,0.0,0,0,0.0,0,0
19949,95,PROSPECT,Desktop,2019-02-07,0.00476214346583789,0.0,0,0,0.0,0,0,0.0,0,0
19641,72,PROSPECT,Desktop,2019-02-08,0.00366580113028868,0.0,0,0,0.0,0,0,0.0,0,0
19224,82,PROSPECT,Desktop,2019-02-09,0.00426550145651269,0.0,0,0,0.0,0,0,1.0,0,0
18867,86,PROSPECT,Desktop,2019-02-10,0.00455822335294429,0.0,0,0,0.0,0,0,0.0,0,0
23133,102,PROSPECT,Desktop,2019-02-11,0.00440928543638957,0.0,0,0,0.0,0,0,0.0,0,0
22499,96,PROSPECT,Desktop,2019-02-12,0.00426685630472465,0.0,0,0,0.0,0,0,1.0,0,0
22727,95,PROSPECT,Desktop,2019-02-13,0.00418005016060193,0.0,0,0,0.0,0,0,0.0,0,0
22154,90,PROSPECT,Desktop,2019-02-14,0.00406247178839036,0.0,0,0,0.0,0,0,0.0,0,0
22247,113,PROSPECT,Desktop,2019-02-15,0.00507933653975817,0.0,0,0,0.0,0,0,1.0,0,0
19629,103,PROSPECT,Desktop,2019-02-16,0.00524733812216618,0.0,0,0,0.0,0,0,1.0,0,0
16230,74,PROSPECT,Desktop,2019-02-17,0.00455945779420826,0.0,0,0,0.0,0,0,0.0,0,0
19964,74,PROSPECT,Desktop,2019-02-18,0.00370667200961731,0.0,0,0,0.0,0,0,0.0,0,0
18469,66,PROSPECT,Desktop,2019-02-19,0.00357355568790947,0.0,1,0,0.0,0,0,1.0,0,0
26020,118,PROSPECT,Desktop,2019-02-20,0.00453497309761722,0.0,0,0,0.0,0,0,0.0,0,0
28100,117,PROSPECT,Desktop,2019-02-21,0.00416370106761566,0.0,1,0,0.0,0,0,1.0,0,0
3013,26,PROSPECT,Desktop,2019-02-22,0.0086292731496847,1.0,1,1,1.0,1,0,1.0,1,1
16210,79,PROSPECT,Desktop,2019-02-23,0.00487353485502776,0.0,0,0,0.0,0,0,0.0,0,0
14612,51,PROSPECT,Desktop,2019-02-24,0.00349028196003285,0.0,0,0,0.0,0,0,0.0,0,0
18804,68,PROSPECT,Desktop,2019-02-25,0.00361625186130611,0.0,0,0,0.0,0,0,0.0,0,0
22334,104,PROSPECT,Desktop,2019-02-26,0.00465657741559953,0.0,0,0,0.0,0,0,0.0,0,0
19058,139,PROSPECT,Desktop,2019-02-27,0.00729352502885927,0.0,0,0,1.0,0,0,1.0,0,0
17938,122,PROSPECT,Desktop,2019-02-28,0.00680120414761958,0.0,0,0,0.0,0,0,0.0,0,0
21022,137,PROSPECT,Desktop,2019-03-01,0.00651698220911426,0.0,0,0,0.0,0,0,1.0,0,0
16990,109,PROSPECT,Desktop,2019-03-02,0.00641553855208946,0.0,0,0,0.0,0,0,0.0,0,0
16631,95,PROSPECT,Desktop,2019-03-03,0.00571222415970176,0.0,0,0,0.0,0,0,0.0,0,0
22435,131,PROSPECT,Desktop,2019-03-04,0.0058390907064854,0.0,0,0,0.0,0,0,0.0,0,0
21460,125,PROSPECT,Desktop,2019-03-05,0.00582479030754893,0.0,0,0,0.0,0,0,0.0,0,0
21619,136,PROSPECT,Desktop,2019-03-06,0.00629076275498404,0.0,0,0,1.0,0,0,0.0,0,0
13215,81,PROSPECT,Desktop,2019-03-07,0.00612939841089671,1.0,0,0,0.0,0,0,0.0,0,0
11646,53,PROSPECT,Desktop,2019-03-09,0.00455091877039327,0.0,0,0,0.0,0,0,0.0,0,0
13107,72,PROSPECT,Desktop,2019-03-10,0.00549324788281071,0.0,0,0,0.0,0,0,0.0,0,0
19228,123,PROSPECT,Desktop,2019-03-11,0.00639692115664656,0.0,1,0,0.0,1,0,0.0,0,0
20966,103,PROSPECT,Desktop,2019-03-12,0.00491271582562244,0.0,0,0,0.0,0,0,0.0,0,0
21701,98,PROSPECT,Desktop,2019-03-13,0.00451592092530298,0.0,0,0,0.0,0,0,0.0,0,0
20668,106,PROSPECT,Desktop,2019-03-14,0.0051287013741049,0.0,0,0,0.0,0,0,0.0,0,0
17123,103,PROSPECT,Desktop,2019-03-15,0.00601530105705776,0.0,0,0,0.0,0,0,0.0,0,0
15337,95,PROSPECT,Desktop,2019-03-16,0.00619417095911847,0.0,0,0,0.0,0,0,0.0,0,0
14915,72,PROSPECT,Desktop,2019-03-17,0.00482735501173315,0.0,0,0,0.0,0,0,0.0,0,0
21709,96,PROSPECT,Desktop,2019-03-18,0.00442212907089226,0.0,1,0,0.0,0,0,0.0,0,0
19697,110,PROSPECT,Desktop,2019-03-19,0.00558460679291263,0.0,0,0,0.0,0,0,0.0,0,0
15881,96,PROSPECT,Desktop,2019-03-20,0.00604495938542913,0.0,0,0,0.0,0,0,0.0,0,0
10019,49,PROSPECT,Desktop,2019-03-21,0.00489070765545464,0.0,1,0,1.0,1,0,0.0,0,0
16244,98,PROSPECT,Desktop,2019-03-22,0.00603299679881803,0.0,0,0,0.0,0,0,0.0,0,0
12046,62,PROSPECT,Desktop,2019-03-23,0.00514693674248713,0.0,0,0,0.0,0,0,0.0,0,0
11502,64,PROSPECT,Desktop,2019-03-24,0.00556424969570509,0.0,0,0,0.0,0,0,0.0,0,0
17570,129,PROSPECT,Desktop,2019-03-25,0.00734206033010814,0.0,1,0,0.0,1,0,0.0,0,0
16977,122,PROSPECT,Desktop,2019-03-26,0.00718619308476174,0.0,0,0,0.0,0,0,0.0,0,0
584,0,PROSPECT,Desktop,2019-03-27,0.0,1.0,1,1,1.0,1,0,1.0,1,1
5172,25,PROSPECT,Desktop,2019-03-28,0.00483372003093581,0.0,1,0,0.0,1,0,0.0,0,0
13312,69,PROSPECT,Desktop,2019-03-29,0.00518329326923077,0.0,0,0,0.0,0,0,0.0,0,0
10996,86,PROSPECT,Desktop,2019-03-30,0.00782102582757366,0.0,0,0,0.0,0,0,0.0,0,0
10148,70,PROSPECT,Desktop,2019-03-31,0.00689791091840757,0.0,0,0,0.0,0,0,0.0,0,0
158023,586,UNDETERMINED,Desktop,2019-02-01,0.00370832094062257,0.0,0,0,1.0,0,0,0.0,0,0
135686,377,UNDETERMINED,Desktop,2019-02-02,0.00277847382928231,0.0,0,0,1.0,0,0,0.0,0,0
143947,1216,UNDETERMINED,Desktop,2019-02-03,0.00844755361348274,0.0,0,0,0.0,1,1,1.0,1,1
211332,1621,UNDETERMINED,Desktop,2019-02-04,0.00767039539681638,0.0,1,0,1.0,1,1,0.0,1,1
160267,556,UNDETERMINED,Desktop,2019-02-05,0.00346921075455334,0.0,0,0,0.0,0,0,1.0,0,0
155046,535,UNDETERMINED,Desktop,2019-02-06,0.00345058885750035,0.0,0,0,0.0,0,0,0.0,0,0
167437,534,UNDETERMINED,Desktop,2019-02-07,0.00318925924377527,0.0,0,0,0.0,0,0,0.0,0,0
179007,571,UNDETERMINED,Desktop,2019-02-08,0.00318981939253772,0.0,1,0,0.0,0,0,0.0,0,0
144951,388,UNDETERMINED,Desktop,2019-02-09,0.00267676663148236,0.0,0,0,1.0,0,0,1.0,0,0
140591,353,UNDETERMINED,Desktop,2019-02-10,0.00251082928494712,0.0,0,0,0.0,0,0,0.0,0,0
176326,528,UNDETERMINED,Desktop,2019-02-11,0.00299445345553123,0.0,0,0,0.0,0,0,0.0,0,0
160759,564,UNDETERMINED,Desktop,2019-02-12,0.00350835723038835,0.0,0,0,0.0,0,0,0.0,0,0
168143,649,UNDETERMINED,Desktop,2019-02-13,0.00385980980474953,0.0,0,0,0.0,0,0,0.0,0,0
157083,576,UNDETERMINED,Desktop,2019-02-14,0.00366685128244304,0.0,0,0,0.0,0,0,0.0,0,0
159781,554,UNDETERMINED,Desktop,2019-02-15,0.00346724579267873,0.0,0,0,0.0,0,0,0.0,0,0
143518,612,UNDETERMINED,Desktop,2019-02-16,0.00426427347092351,0.0,0,0,0.0,0,0,0.0,0,0
140452,545,UNDETERMINED,Desktop,2019-02-17,0.00388032922279498,0.0,0,0,1.0,0,0,0.0,0,0
176174,797,UNDETERMINED,Desktop,2019-02-18,0.00452393656271641,0.0,0,0,1.0,0,0,0.0,0,0
169224,882,UNDETERMINED,Desktop,2019-02-19,0.0052120266628847,0.0,0,0,0.0,0,0,1.0,0,0
196671,1235,UNDETERMINED,Desktop,2019-02-20,0.00627952265458558,1.0,0,0,1.0,0,0,1.0,0,0
193744,788,UNDETERMINED,Desktop,2019-02-21,0.00406722272689735,1.0,0,0,1.0,1,0,0.0,1,0
362604,8435,UNDETERMINED,Desktop,2019-02-22,0.0232622916459829,1.0,1,1,1.0,1,1,1.0,1,1
148827,593,UNDETERMINED,Desktop,2019-02-23,0.00398449206125233,0.0,0,0,1.0,0,0,0.0,0,0
152059,687,UNDETERMINED,Desktop,2019-02-24,0.00451798315127681,0.0,0,0,0.0,0,0,1.0,0,0
182449,837,UNDETERMINED,Desktop,2019-02-25,0.00458758337946495,0.0,0,0,0.0,0,0,0.0,0,0
163959,729,UNDETERMINED,Desktop,2019-02-26,0.00444623350959691,0.0,0,0,0.0,0,0,0.0,0,0
171731,975,UNDETERMINED,Desktop,2019-02-27,0.00567748397202602,0.0,0,0,0.0,0,0,1.0,0,0
159513,906,UNDETERMINED,Desktop,2019-02-28,0.00567978785428147,0.0,0,0,0.0,0,0,1.0,0,0
148401,743,UNDETERMINED,Desktop,2019-03-01,0.00500670480657138,0.0,0,0,0.0,0,0,0.0,0,0
128910,613,UNDETERMINED,Desktop,2019-03-02,0.00475525560468544,0.0,0,0,0.0,0,0,0.0,0,0
124930,588,UNDETERMINED,Desktop,2019-03-03,0.00470663571600096,0.0,0,0,0.0,0,0,0.0,0,0
163578,743,UNDETERMINED,Desktop,2019-03-04,0.00454217559818557,0.0,0,0,0.0,0,0,0.0,0,0
160582,665,UNDETERMINED,Desktop,2019-03-05,0.00414118643434507,0.0,0,0,0.0,0,0,0.0,0,0
154545,757,UNDETERMINED,Desktop,2019-03-06,0.00489824970073441,0.0,0,0,0.0,0,0,0.0,0,0
159627,1610,UNDETERMINED,Desktop,2019-03-07,0.0100860130178479,0.0,0,0,1.0,1,1,1.0,1,1
351146,5187,UNDETERMINED,Desktop,2019-03-08,0.0147716334516127,1.0,1,1,1.0,1,1,1.0,1,1
116158,586,UNDETERMINED,Desktop,2019-03-09,0.0050448527006319,1.0,0,0,1.0,0,0,0.0,0,0
111532,544,UNDETERMINED,Desktop,2019-03-10,0.00487752393931786,0.0,0,0,0.0,0,0,0.0,0,0
151662,705,UNDETERMINED,Desktop,2019-03-11,0.00464849467895715,0.0,0,0,0.0,0,0,0.0,0,0
170359,651,UNDETERMINED,Desktop,2019-03-12,0.00382134198956322,1.0,1,0,0.0,0,0,0.0,0,0
167040,624,UNDETERMINED,Desktop,2019-03-13,0.00373563218390805,0.0,0,0,0.0,0,0,0.0,0,0
172120,642,UNDETERMINED,Desktop,2019-03-14,0.00372995584475947,0.0,0,0,0.0,0,0,0.0,0,0
162931,600,UNDETERMINED,Desktop,2019-03-15,0.00368254046191333,0.0,0,0,0.0,0,0,0.0,0,0
135771,505,UNDETERMINED,Desktop,2019-03-16,0.00371949827282704,1.0,0,0,0.0,0,0,0.0,0,0
136378,507,UNDETERMINED,Desktop,2019-03-17,0.00371760841191395,0.0,0,0,0.0,0,0,0.0,0,0
160134,618,UNDETERMINED,Desktop,2019-03-18,0.0038592678631646,0.0,0,0,0.0,0,0,0.0,0,0
155500,750,UNDETERMINED,Desktop,2019-03-19,0.00482315112540193,0.0,0,0,0.0,1,0,1.0,0,0
124472,600,UNDETERMINED,Desktop,2019-03-20,0.00482036120573302,0.0,1,0,1.0,0,0,1.0,0,0
185557,2219,UNDETERMINED,Desktop,2019-03-21,0.0119585895439137,1.0,1,0,1.0,1,1,1.0,1,1
113672,472,UNDETERMINED,Desktop,2019-03-22,0.00415229783939756,1.0,0,0,1.0,0,0,1.0,0,0
83569,282,UNDETERMINED,Desktop,2019-03-23,0.0033744570355036,1.0,0,0,1.0,0,0,1.0,0,0
79655,316,UNDETERMINED,Desktop,2019-03-24,0.00396710815391375,1.0,0,0,1.0,0,0,1.0,0,0
116726,613,UNDETERMINED,Desktop,2019-03-25,0.00525161489299728,1.0,0,0,1.0,0,0,1.0,0,0
121250,716,UNDETERMINED,Desktop,2019-03-26,0.00590515463917526,0.0,0,0,1.0,0,0,1.0,0,0
263239,4361,UNDETERMINED,Desktop,2019-03-27,0.0165666941448646,1.0,1,1,1.0,1,1,1.0,1,1
225137,3203,UNDETERMINED,Desktop,2019-03-28,0.0142268929585097,1.0,1,1,1.0,1,1,1.0,1,1
113833,527,UNDETERMINED,Desktop,2019-03-29,0.00462958895926489,1.0,0,0,1.0,0,0,0.0,0,0
84151,378,UNDETERMINED,Desktop,2019-03-30,0.00449192522964671,1.0,0,0,0.0,0,0,1.0,0,0
85958,407,UNDETERMINED,Desktop,2019-03-31,0.00473487051816003,0.0,0,0,1.0,0,0,0.0,0,0
14111,321,CUSTOMER,Tablet,2019-02-01,0.0227482106158316,0.0,0,0,0.0,0,0,0.0,0,0
15636,372,CUSTOMER,Tablet,2019-02-02,0.0237912509593246,0.0,0,0,0.0,0,0,0.0,0,0
6216,131,CUSTOMER,Tablet,2019-02-03,0.0210746460746461,1.0,1,1,1.0,1,1,0.0,0,0
7674,175,CUSTOMER,Tablet,2019-02-04,0.0228042741725306,1.0,1,1,0.0,1,0,0.0,0,0
13388,307,CUSTOMER,Tablet,2019-02-05,0.0229309829698237,0.0,0,0,0.0,0,0,0.0,0,0
13652,264,CUSTOMER,Tablet,2019-02-06,0.0193378259595664,0.0,0,0,0.0,0,0,0.0,0,0
14759,309,CUSTOMER,Tablet,2019-02-07,0.0209363778033742,0.0,0,0,0.0,0,0,0.0,0,0
14291,309,CUSTOMER,Tablet,2019-02-08,0.0216219998600518,0.0,0,0,0.0,1,0,0.0,1,0
16583,445,CUSTOMER,Tablet,2019-02-09,0.0268347102454321,0.0,0,0,0.0,0,0,0.0,0,0
16178,405,CUSTOMER,Tablet,2019-02-10,0.0250339967857584,0.0,0,0,0.0,0,0,0.0,0,0
13255,288,CUSTOMER,Tablet,2019-02-11,0.0217276499434176,0.0,0,0,0.0,0,0,0.0,0,0
14246,272,CUSTOMER,Tablet,2019-02-12,0.0190930787589499,0.0,0,0,0.0,0,0,0.0,0,0
13628,267,CUSTOMER,Tablet,2019-02-13,0.0195920164367479,0.0,0,0,0.0,0,0,0.0,0,0
13313,259,CUSTOMER,Tablet,2019-02-14,0.0194546683692631,0.0,0,0,0.0,0,0,0.0,0,0
14192,341,CUSTOMER,Tablet,2019-02-15,0.0240276211950395,0.0,0,0,0.0,0,0,0.0,0,0
15588,374,CUSTOMER,Tablet,2019-02-16,0.0239928149858866,0.0,0,0,0.0,0,0,0.0,0,0
14675,342,CUSTOMER,Tablet,2019-02-17,0.0233049403747871,0.0,0,0,0.0,0,0,0.0,0,0
14472,386,CUSTOMER,Tablet,2019-02-18,0.0266721945826423,0.0,0,0,0.0,1,0,0.0,1,0
13915,265,CUSTOMER,Tablet,2019-02-19,0.0190441969098096,0.0,0,0,0.0,0,0,0.0,0,0
16598,333,CUSTOMER,Tablet,2019-02-20,0.0200626581515845,0.0,0,0,0.0,0,0,0.0,0,0
16735,362,CUSTOMER,Tablet,2019-02-21,0.0216313116223484,0.0,0,0,0.0,0,0,0.0,0,0
1827,35,CUSTOMER,Tablet,2019-02-22,0.0191570881226054,1.0,1,1,1.0,1,1,0.0,1,0
16956,491,CUSTOMER,Tablet,2019-02-23,0.0289573012502949,0.0,0,0,1.0,0,0,1.0,0,0
16051,412,CUSTOMER,Tablet,2019-02-24,0.0256681826677466,0.0,0,0,0.0,0,0,0.0,0,0
12712,345,CUSTOMER,Tablet,2019-02-25,0.0271397105097546,0.0,0,0,0.0,0,0,0.0,0,0
13496,350,CUSTOMER,Tablet,2019-02-26,0.0259336099585062,0.0,0,0,0.0,0,0,0.0,0,0
13761,370,CUSTOMER,Tablet,2019-02-27,0.0268875808444154,0.0,0,0,0.0,0,0,0.0,0,0
12091,310,CUSTOMER,Tablet,2019-02-28,0.0256389049706393,0.0,1,0,0.0,0,0,0.0,0,0
16156,383,CUSTOMER,Tablet,2019-03-01,0.023706362961129,0.0,0,0,0.0,0,0,0.0,1,0
16966,556,CUSTOMER,Tablet,2019-03-02,0.0327714252033479,0.0,0,0,1.0,1,0,1.0,0,0
16062,467,CUSTOMER,Tablet,2019-03-03,0.0290748350143195,0.0,0,0,0.0,0,0,0.0,0,0
13987,372,CUSTOMER,Tablet,2019-03-04,0.0265961249731894,0.0,0,0,0.0,0,0,0.0,0,0
13119,356,CUSTOMER,Tablet,2019-03-05,0.0271362146505069,0.0,0,0,0.0,0,0,0.0,0,0
13354,381,CUSTOMER,Tablet,2019-03-06,0.0285307772951925,0.0,0,0,0.0,0,0,0.0,1,0
7143,149,CUSTOMER,Tablet,2019-03-07,0.0208595828083438,1.0,1,1,1.0,1,1,1.0,0,0
15535,431,CUSTOMER,Tablet,2019-03-09,0.027743804312842,0.0,0,0,0.0,0,0,0.0,0,0
15064,386,CUSTOMER,Tablet,2019-03-10,0.0256240042485396,0.0,0,0,0.0,0,0,0.0,0,0
13290,326,CUSTOMER,Tablet,2019-03-11,0.0245297215951844,0.0,0,0,0.0,0,0,0.0,0,0
13030,291,CUSTOMER,Tablet,2019-03-12,0.0223330775134305,0.0,0,0,0.0,0,0,0.0,0,0
14354,322,CUSTOMER,Tablet,2019-03-13,0.022432771352933,0.0,0,0,0.0,0,0,0.0,0,0
16640,295,CUSTOMER,Tablet,2019-03-14,0.0177283653846154,0.0,1,0,0.0,0,0,0.0,0,0
14116,322,CUSTOMER,Tablet,2019-03-15,0.0228109946160385,0.0,0,0,0.0,0,0,0.0,0,0
14494,405,CUSTOMER,Tablet,2019-03-16,0.0279425969366634,0.0,0,0,0.0,0,0,0.0,0,0
13710,356,CUSTOMER,Tablet,2019-03-17,0.0259664478482859,0.0,0,0,0.0,0,0,0.0,0,0
12733,317,CUSTOMER,Tablet,2019-03-18,0.0248959396842849,0.0,0,0,0.0,0,0,0.0,0,0
13839,317,CUSTOMER,Tablet,2019-03-19,0.0229062793554448,0.0,0,0,0.0,0,0,0.0,0,0
15423,361,CUSTOMER,Tablet,2019-03-20,0.0234066005316735,0.0,0,0,0.0,0,0,0.0,0,0
7882,142,CUSTOMER,Tablet,2019-03-21,0.0180157320477036,1.0,1,1,1.0,1,0,0.0,0,0
17231,314,CUSTOMER,Tablet,2019-03-22,0.0182229702280773,1.0,0,0,0.0,0,0,0.0,0,0
16224,416,CUSTOMER,Tablet,2019-03-23,0.0256410256410256,0.0,0,0,1.0,0,0,0.0,0,0
15487,414,CUSTOMER,Tablet,2019-03-24,0.0267320978885517,0.0,0,0,0.0,0,0,0.0,0,0
14217,327,CUSTOMER,Tablet,2019-03-25,0.0230006330449462,1.0,0,0,0.0,0,0,0.0,0,0
13932,296,CUSTOMER,Tablet,2019-03-26,0.0212460522538042,1.0,0,0,0.0,0,0,0.0,0,0
413,2,CUSTOMER,Tablet,2019-03-27,0.00484261501210654,1.0,1,1,1.0,1,1,1.0,1,1
4031,48,CUSTOMER,Tablet,2019-03-28,0.0119077152071446,1.0,1,1,1.0,1,1,0.0,1,0
15102,303,CUSTOMER,Tablet,2019-03-29,0.0200635677393723,1.0,0,0,0.0,0,0,1.0,0,0
16125,464,CUSTOMER,Tablet,2019-03-30,0.0287751937984496,1.0,0,0,1.0,0,0,1.0,0,0
16201,409,CUSTOMER,Tablet,2019-03-31,0.0252453552249861,0.0,0,0,0.0,0,0,0.0,0,0
3956,10,PROSPECT,Tablet,2019-02-01,0.00252780586450961,0.0,0,0,0.0,0,0,0.0,0,0
3923,8,PROSPECT,Tablet,2019-02-02,0.00203925567167984,1.0,0,0,0.0,0,0,0.0,0,0
1605,4,PROSPECT,Tablet,2019-02-03,0.00249221183800623,1.0,1,0,0.0,0,0,0.0,0,0
1718,6,PROSPECT,Tablet,2019-02-04,0.00349243306169965,0.0,1,0,0.0,0,0,0.0,0,0
2844,4,PROSPECT,Tablet,2019-02-05,0.00140646976090014,0.0,0,0,0.0,0,0,0.0,0,0
3428,7,PROSPECT,Tablet,2019-02-06,0.00204200700116686,0.0,0,0,0.0,0,0,0.0,0,0
3191,5,PROSPECT,Tablet,2019-02-07,0.00156690692572861,0.0,0,0,0.0,0,0,0.0,0,0
2802,8,PROSPECT,Tablet,2019-02-08,0.00285510349750178,0.0,1,0,0.0,0,0,0.0,0,0
4242,10,PROSPECT,Tablet,2019-02-09,0.00235737859500236,1.0,0,0,0.0,0,0,0.0,0,0
4433,8,PROSPECT,Tablet,2019-02-10,0.00180464696593729,0.0,0,0,0.0,0,0,0.0,0,0
4135,13,PROSPECT,Tablet,2019-02-11,0.00314389359129383,0.0,0,0,0.0,0,0,0.0,0,0
4297,6,PROSPECT,Tablet,2019-02-12,0.00139632301605771,0.0,0,0,0.0,0,0,0.0,0,0
3924,16,PROSPECT,Tablet,2019-02-13,0.00407747196738022,0.0,0,0,0.0,0,0,0.0,0,0
3754,15,PROSPECT,Tablet,2019-02-14,0.0039957378795951,0.0,0,0,0.0,0,0,0.0,0,0
3739,9,PROSPECT,Tablet,2019-02-15,0.00240706071142017,0.0,0,0,0.0,0,0,0.0,0,0
4192,10,PROSPECT,Tablet,2019-02-16,0.00238549618320611,0.0,0,0,0.0,0,0,0.0,0,0
3693,7,PROSPECT,Tablet,2019-02-17,0.00189547793122123,0.0,0,0,0.0,0,0,0.0,0,0
2954,5,PROSPECT,Tablet,2019-02-18,0.0016926201760325,0.0,0,0,0.0,0,0,0.0,0,0
2941,3,PROSPECT,Tablet,2019-02-19,0.00102006120367222,0.0,1,0,0.0,0,0,0.0,0,0
4206,10,PROSPECT,Tablet,2019-02-20,0.00237755587256301,1.0,0,0,0.0,0,0,0.0,0,0
4401,5,PROSPECT,Tablet,2019-02-21,0.00113610543058396,0.0,1,0,0.0,0,0,0.0,0,0
435,4,PROSPECT,Tablet,2019-02-22,0.00919540229885057,1.0,1,1,0.0,0,0,1.0,1,1
3512,10,PROSPECT,Tablet,2019-02-23,0.00284738041002278,0.0,0,0,0.0,0,0,0.0,0,0
3368,6,PROSPECT,Tablet,2019-02-24,0.00178147268408551,0.0,0,0,0.0,0,0,0.0,0,0
2415,4,PROSPECT,Tablet,2019-02-25,0.00165631469979296,0.0,0,0,0.0,0,0,0.0,0,0
3079,10,PROSPECT,Tablet,2019-02-26,0.0032478077297824,0.0,0,0,0.0,0,0,0.0,0,0
2816,8,PROSPECT,Tablet,2019-02-27,0.00284090909090909,0.0,0,0,0.0,0,0,0.0,0,0
2891,7,PROSPECT,Tablet,2019-02-28,0.00242130750605327,0.0,0,0,0.0,0,0,0.0,0,0
3314,14,PROSPECT,Tablet,2019-03-01,0.00422450211225106,0.0,0,0,0.0,0,0,0.0,0,0
3449,12,PROSPECT,Tablet,2019-03-02,0.00347926935343578,0.0,0,0,0.0,0,0,0.0,0,0
3524,10,PROSPECT,Tablet,2019-03-03,0.00283768444948922,0.0,0,0,0.0,0,0,0.0,0,0
3155,14,PROSPECT,Tablet,2019-03-04,0.00443740095087163,0.0,0,0,0.0,0,0,0.0,0,0
2817,10,PROSPECT,Tablet,2019-03-05,0.0035498757543486,0.0,0,0,0.0,0,0,0.0,0,0
3076,11,PROSPECT,Tablet,2019-03-06,0.00357607282184655,0.0,0,0,0.0,0,0,0.0,0,0
1471,4,PROSPECT,Tablet,2019-03-07,0.00271923861318831,1.0,1,0,0.0,0,0,0.0,0,0
2576,2,PROSPECT,Tablet,2019-03-09,7.7639751552795E-4,0.0,0,0,0.0,0,0,0.0,0,0
3290,10,PROSPECT,Tablet,2019-03-10,0.00303951367781155,0.0,0,0,0.0,0,0,0.0,0,0
2957,9,PROSPECT,Tablet,2019-03-11,0.00304362529590801,0.0,0,0,0.0,0,0,0.0,0,0
3107,14,PROSPECT,Tablet,2019-03-12,0.00450595429674928,0.0,0,0,0.0,0,0,0.0,0,0
3156,5,PROSPECT,Tablet,2019-03-13,0.00158428390367554,0.0,0,0,0.0,0,0,0.0,0,0
2847,6,PROSPECT,Tablet,2019-03-14,0.00210748155953635,0.0,0,0,0.0,0,0,0.0,0,0
2491,12,PROSPECT,Tablet,2019-03-15,0.00481734243275793,0.0,0,0,0.0,0,0,0.0,0,0
3358,6,PROSPECT,Tablet,2019-03-16,0.00178677784395473,0.0,0,0,0.0,0,0,0.0,0,0
3474,11,PROSPECT,Tablet,2019-03-17,0.00316637881404721,0.0,0,0,0.0,0,0,0.0,0,0
3215,3,PROSPECT,Tablet,2019-03-18,9.33125972006221E-4,0.0,0,0,0.0,0,0,0.0,0,0
3071,8,PROSPECT,Tablet,2019-03-19,0.00260501465320742,0.0,0,0,0.0,0,0,0.0,0,0
2772,12,PROSPECT,Tablet,2019-03-20,0.00432900432900433,0.0,0,0,0.0,0,0,0.0,1,0
1451,3,PROSPECT,Tablet,2019-03-21,0.00206753962784287,1.0,1,0,0.0,1,0,0.0,0,0
3099,14,PROSPECT,Tablet,2019-03-22,0.00451758631816715,0.0,0,0,0.0,0,0,0.0,0,0
3694,8,PROSPECT,Tablet,2019-03-23,0.00216567406605306,1.0,0,0,0.0,0,0,0.0,0,0
3773,8,PROSPECT,Tablet,2019-03-24,0.0021203286509409,0.0,0,0,0.0,0,0,0.0,0,0
3597,11,PROSPECT,Tablet,2019-03-25,0.00305810397553517,0.0,0,0,0.0,0,0,0.0,0,0
3336,18,PROSPECT,Tablet,2019-03-26,0.00539568345323741,0.0,0,0,0.0,1,0,0.0,1,0
142,0,PROSPECT,Tablet,2019-03-27,0.0,1.0,1,1,0.0,0,0,1.0,0,0
804,1,PROSPECT,Tablet,2019-03-28,0.00124378109452736,0.0,1,1,0.0,0,0,0.0,0,0
2675,7,PROSPECT,Tablet,2019-03-29,0.00261682242990654,1.0,0,0,0.0,0,0,0.0,0,0
3854,5,PROSPECT,Tablet,2019-03-30,0.00129735339906591,1.0,1,0,0.0,0,0,0.0,0,0
3235,7,PROSPECT,Tablet,2019-03-31,0.00216383307573416,0.0,0,0,0.0,0,0,0.0,0,0
21371,40,UNDETERMINED,Tablet,2019-02-01,0.00187169528800711,0.0,0,0,1.0,0,0,0.0,0,0
24742,50,UNDETERMINED,Tablet,2019-02-02,0.00202085522593161,0.0,0,0,0.0,0,0,0.0,0,0
29660,157,UNDETERMINED,Tablet,2019-02-03,0.00529332434254889,0.0,1,0,1.0,1,1,1.0,1,1
29149,179,UNDETERMINED,Tablet,2019-02-04,0.00614086246526467,0.0,1,0,1.0,1,1,0.0,1,1
21429,41,UNDETERMINED,Tablet,2019-02-05,0.00191329506743198,0.0,0,0,0.0,0,0,1.0,0,0
22085,37,UNDETERMINED,Tablet,2019-02-06,0.00167534525696174,0.0,0,0,1.0,0,0,0.0,0,0
24334,42,UNDETERMINED,Tablet,2019-02-07,0.00172598011013397,0.0,0,0,0.0,0,0,0.0,0,0
25157,41,UNDETERMINED,Tablet,2019-02-08,0.00162976507532695,0.0,0,0,0.0,0,0,0.0,0,0
26137,32,UNDETERMINED,Tablet,2019-02-09,0.00122431801660481,0.0,0,0,0.0,0,0,0.0,0,0
25654,47,UNDETERMINED,Tablet,2019-02-10,0.00183207297107664,0.0,0,0,0.0,0,0,0.0,0,0
24423,41,UNDETERMINED,Tablet,2019-02-11,0.00167874544486754,0.0,0,0,1.0,0,0,0.0,0,0
22769,42,UNDETERMINED,Tablet,2019-02-12,0.00184461328999956,0.0,0,0,0.0,0,0,0.0,0,0
20899,50,UNDETERMINED,Tablet,2019-02-13,0.00239245896932868,0.0,0,0,0.0,0,0,0.0,0,0
19510,29,UNDETERMINED,Tablet,2019-02-14,0.00148641722193747,0.0,0,0,0.0,1,0,0.0,0,0
20734,59,UNDETERMINED,Tablet,2019-02-15,0.00284556766663451,0.0,0,0,0.0,0,0,0.0,0,0
23217,49,UNDETERMINED,Tablet,2019-02-16,0.00211052246198906,0.0,0,0,0.0,0,0,0.0,0,0
24943,52,UNDETERMINED,Tablet,2019-02-17,0.00208475323738123,0.0,0,0,0.0,0,0,0.0,0,0
23521,54,UNDETERMINED,Tablet,2019-02-18,0.00229582075592024,0.0,0,0,1.0,0,0,0.0,0,0
20888,70,UNDETERMINED,Tablet,2019-02-19,0.00335120643431635,0.0,0,0,0.0,0,0,0.0,0,0
25169,101,UNDETERMINED,Tablet,2019-02-20,0.00401287297866423,0.0,0,0,0.0,0,0,0.0,0,0
22683,54,UNDETERMINED,Tablet,2019-02-21,0.00238063748181457,0.0,0,0,1.0,1,0,0.0,0,0
41597,609,UNDETERMINED,Tablet,2019-02-22,0.0146404788806885,1.0,1,1,1.0,1,1,1.0,1,1
25279,53,UNDETERMINED,Tablet,2019-02-23,0.0020966019225444,0.0,0,0,1.0,0,0,1.0,0,0
27062,58,UNDETERMINED,Tablet,2019-02-24,0.00214322666469588,0.0,0,0,0.0,0,0,0.0,0,0
22099,58,UNDETERMINED,Tablet,2019-02-25,0.00262455314720123,0.0,0,0,0.0,0,0,0.0,0,0
18940,47,UNDETERMINED,Tablet,2019-02-26,0.00248152059134108,0.0,0,0,0.0,0,0,0.0,0,0
20483,59,UNDETERMINED,Tablet,2019-02-27,0.00288043743592247,0.0,0,0,0.0,0,0,0.0,0,0
17795,61,UNDETERMINED,Tablet,2019-02-28,0.00342792919359371,0.0,0,0,0.0,0,0,0.0,0,0
18099,61,UNDETERMINED,Tablet,2019-03-01,0.00337035195314658,0.0,0,0,0.0,0,0,0.0,0,0
20217,56,UNDETERMINED,Tablet,2019-03-02,0.00276994608497799,0.0,0,0,0.0,0,0,0.0,0,0
19324,47,UNDETERMINED,Tablet,2019-03-03,0.00243220865245291,0.0,0,0,0.0,0,0,0.0,0,0
17209,54,UNDETERMINED,Tablet,2019-03-04,0.00313789296298448,0.0,0,0,0.0,0,0,0.0,0,0
17879,50,UNDETERMINED,Tablet,2019-03-05,0.00279657698976453,0.0,0,0,0.0,0,0,0.0,0,0
17846,47,UNDETERMINED,Tablet,2019-03-06,0.00263364339347753,0.0,0,0,1.0,0,0,1.0,0,0
17178,106,UNDETERMINED,Tablet,2019-03-07,0.00617068343229712,0.0,0,0,1.0,1,1,1.0,1,1
36927,407,UNDETERMINED,Tablet,2019-03-08,0.011021745606196,1.0,1,1,1.0,1,1,1.0,1,1
19680,49,UNDETERMINED,Tablet,2019-03-09,0.00248983739837398,1.0,0,0,1.0,0,0,0.0,0,0
19688,54,UNDETERMINED,Tablet,2019-03-10,0.00274278748476229,0.0,0,0,0.0,0,0,0.0,0,0
17411,36,UNDETERMINED,Tablet,2019-03-11,0.00206765837688817,0.0,0,0,0.0,0,0,0.0,0,0
17273,69,UNDETERMINED,Tablet,2019-03-12,0.00399467376830892,0.0,0,0,0.0,1,0,1.0,1,0
18732,32,UNDETERMINED,Tablet,2019-03-13,0.00170830664104207,0.0,0,0,0.0,0,0,1.0,0,0
19702,54,UNDETERMINED,Tablet,2019-03-14,0.00274083849355395,0.0,0,0,0.0,0,0,0.0,0,0
18670,50,UNDETERMINED,Tablet,2019-03-15,0.00267809319764328,0.0,0,0,0.0,0,0,1.0,0,0
20986,56,UNDETERMINED,Tablet,2019-03-16,0.00266844563042028,0.0,0,0,0.0,0,0,0.0,0,0
20290,52,UNDETERMINED,Tablet,2019-03-17,0.00256283883686545,0.0,0,0,0.0,0,0,1.0,0,0
15693,44,UNDETERMINED,Tablet,2019-03-18,0.00280379787166252,0.0,0,0,1.0,0,0,0.0,0,0
15456,67,UNDETERMINED,Tablet,2019-03-19,0.00433488612836439,0.0,0,0,0.0,0,0,1.0,0,0
18891,91,UNDETERMINED,Tablet,2019-03-20,0.00481710867608914,0.0,0,0,1.0,0,0,0.0,0,0
29032,240,UNDETERMINED,Tablet,2019-03-21,0.00826674014880132,1.0,1,0,1.0,1,1,1.0,1,1
21237,94,UNDETERMINED,Tablet,2019-03-22,0.00442623722748034,0.0,0,0,0.0,0,0,0.0,0,0
23609,52,UNDETERMINED,Tablet,2019-03-23,0.00220254987504765,0.0,0,0,0.0,0,0,1.0,0,0
23377,61,UNDETERMINED,Tablet,2019-03-24,0.00260940240407238,0.0,0,0,0.0,0,0,0.0,0,0
19895,45,UNDETERMINED,Tablet,2019-03-25,0.00226187484292536,0.0,0,0,1.0,0,0,1.0,0,0
20906,94,UNDETERMINED,Tablet,2019-03-26,0.00449631684683823,0.0,0,0,1.0,0,0,0.0,0,0
38170,406,UNDETERMINED,Tablet,2019-03-27,0.0106366256222164,1.0,1,1,1.0,1,1,1.0,1,1
35277,296,UNDETERMINED,Tablet,2019-03-28,0.00839073617371092,0.0,1,1,1.0,1,1,1.0,1,1
23803,63,UNDETERMINED,Tablet,2019-03-29,0.00264672520270554,0.0,0,0,0.0,0,0,0.0,1,0
23696,62,UNDETERMINED,Tablet,2019-03-30,0.00261647535449021,0.0,0,0,1.0,0,0,1.0,1,0
22765,91,UNDETERMINED,Tablet,2019-03-31,0.00399736437513727,0.0,0,0,1.0,0,0,1.0,0,0
